hour,day,drivers,requests,traffic,weather,action_multiplier,reward_gmv,reward_cancel_rate
0,0,71,92,0.9319067961591203,0.7476291638653646,2.0,44535.87448520165,0.19319067961591205
1,0,60,70,0.6816336032579241,0.7441303815244189,2.0,34937.13886631672,0.16816336032579243
2,0,63,84,0.8580042980238275,0.3826434468239467,1.3,28507.737919673942,0.12980042980238277
3,0,53,57,0.4753694130356461,0.7611171769797193,1.0,15945.118303709045,0.06753694130356462
4,0,41,44,0.573967979048433,0.5296186575988651,1.6,18471.619628249708,0.12539679790484332
5,0,53,60,0.4337521251232532,0.7301489955495302,1.0,16859.24617477814,0.06337521251232532
6,0,61,54,0.3051418081611453,0.6886284022783636,1.0,15381.670270778945,0.05051418081611453
7,0,39,45,0.23373922504243866,0.6755972167016615,1.6,19626.323273908332,0.09137392250424387
8,0,59,59,0.3344189385017364,0.35406831243047043,1.6,25447.165566163083,0.10144189385017365
9,0,51,64,0.5079437413518602,0.7046406864990633,1.3,22593.93242158576,0.09479437413518602
10,0,49,59,0.48499346915207237,0.9160623556878202,1.3,20881.590027481085,0.09249934691520725
11,0,61,82,0.6577106699639022,0.7999091341102293,0.8,18306.90540151104,0.06977106699639023
12,0,71,79,0.7649888530405697,0.46921846066950457,0.8,17433.741134635082,0.08049888530405698
13,0,89,78,0.6819030908439468,0.680565475066171,2.0,38928.693534850325,0.1681903090843947
14,0,63,55,0.8024886674520549,0.9729215797793257,1.0,14845.89369870411,0.1002488667452055
15,0,67,71,0.6295233386673909,0.8959478269915172,1.3,24728.489875229996,0.10695233386673908
16,0,55,48,0.4566161872736958,0.6835075883757907,1.0,13454.472690325878,0.06566161872736959
17,0,39,54,0.43472424181077773,0.8899119717587587,1.6,23030.634765226463,0.11147242418107778
18,0,42,59,0.5265490742552403,0.8061724962328026,1.6,24903.05302170916,0.12065490742552404
19,0,53,55,0.29064858466976834,0.9689959996083545,1.0,15690.429835294883,0.049064858466976835
20,0,50,65,0.3688147236502633,0.5394341146202617,1.6,27927.698062211177,0.10488147236502635
21,0,78,73,0.3258419836413732,0.7481170772790964,1.3,26289.647872573012,0.07658419836413732
22,0,63,85,0.4528007777163671,0.8972662908541392,0.8,19394.686413458614,0.04928007777163672
23,0,80,88,0.7404233675085632,0.7339407878276081,1.3,30268.787002710615,0.11804233675085632
0,1,57,64,0.6769586852300048,0.8836802231519318,1.3,22172.071121665907,0.11169586852300048
1,1,44,63,0.9157421820484356,0.7676751129193249,1.3,21238.94145870699,0.13557421820484358
2,1,85,72,0.599136024938965,0.5831276038817306,1.6,30139.30589781094,0.1279136024938965
3,1,75,64,0.40063526363784685,0.6268153542363022,1.0,18046.780293815336,0.06006352636378469
4,1,39,42,0.48059401510540867,0.5158665628884324,1.6,17820.2424655475,0.11605940151054087
5,1,34,40,0.27974455728876646,0.4776011943976869,0.8,9293.045225002785,0.03197445572887665
6,1,26,30,0.45077484423223796,0.7130014776251062,0.8,6846.642112152789,0.0490774844232238
7,1,53,58,0.445850679108619,0.849854122306897,2.0,29768.439636702005,0.1445850679108619
8,1,82,72,0.3097746624443519,0.49729130905866265,1.3,25974.63274785626,0.0749774662444352
9,1,53,65,0.24956907126863845,0.4432756243210747,1.6,28299.74449764185,0.09295690712686386
10,1,72,88,0.3914139245455026,0.7184969896120764,1.3,31466.587410959837,0.08314139245455027
11,1,82,76,0.44873702832829665,0.7402245373986021,2.0,38993.75915082296,0.1448737028328297
12,1,88,81,0.7827384598196394,0.8916679433816752,0.8,17840.596434110623,0.08227384598196395
13,1,85,80,0.7246504635328817,0.8550558041953255,1.3,27566.29055377741,0.11646504635328817
14,1,65,67,0.7441101287957964,0.5021755201801945,1.0,18202.33864112045,0.09441101287957965
15,1,45,61,0.6833413544645751,0.8116460741830608,0.8,13581.028257063865,0.07233413544645752
16,1,66,59,0.5790607088333103,0.8870537564216179,0.8,13283.410036292036,0.061906070883331034
17,1,64,57,0.40521496542538055,0.9206184693393543,0.8,13070.945927298082,0.044521496542538064
18,1,62,62,0.2513385653125826,0.5763295302905767,2.0,32545.020537037188,0.12513385653125828
19,1,43,46,0.3918278073014188,0.9529618761269019,2.0,23758.555251848084,0.1391827807301419
20,1,52,68,0.38397401692030464,0.7840109713592892,1.3,24334.820907127352,0.08239740169203047
21,1,77,77,0.5176088816611544,0.794917368387923,1.0,21442.323483362732,0.07176088816611544
22,1,86,74,0.4538736173873801,0.7196175532372706,1.6,31492.480911040027,0.11338736173873801
23,1,70,79,0.6944904408697976,0.6522582404137656,1.0,21580.057655138582,0.08944904408697976
0,2,85,79,0.8366904909347251,0.9140015799222542,2.0,38694.0870729694,0.18366904909347254
1,2,67,72,0.9009739207314336,0.5527068680782382,2.0,34987.79266244021,0.19009739207314336
2,2,64,78,0.6063404491666258,0.5174225419983963,1.6,32623.941358320153,0.12863404491666258
3,2,49,61,0.7146381207978165,0.6857930226374971,1.6,25196.499582303994,0.13946381207978165
4,2,68,60,0.6117002065563607,0.2694947757322397,1.3,20939.02151665812,0.10517002065563608
5,2,69,60,0.46126193463276416,0.884842515924636,0.8,13678.18281412882,0.050126193463276424
6,2,34,47,0.4007919411403431,0.5655172743796304,1.6,20121.733380787384,0.10807919411403433
7,2,52,53,0.2740763041861591,0.45261402200040546,1.6,23012.829882150414,0.09540763041861591
8,2,65,61,0.24103935083520117,0.8466187562401027,2.0,32057.795975943165,0.12410393508352012
9,2,78,67,0.3764179793399718,0.7221283633845266,1.0,18941.399861526657,0.05764179793399718
10,2,72,71,0.8304752289121436,0.5222275125606525,0.8,15556.710209933704,0.08704752289121437
11,2,74,81,0.95,0.7124417614222172,2.0,39123.0,0.195
12,2,90,93,0.8701108177967949,0.8773096992845278,1.0,24914.390818346943,0.1070110817796795
13,2,51,69,0.95,0.856813864325413,1.0,18319.5,0.115
14,2,89,79,0.5835760460117744,0.7912486570917594,1.6,33128.519633523356,0.12635760460117745
15,2,34,48,0.7145507773598546,0.3998065643125376,2.0,23862.09376120362,0.17145507773598545
16,2,65,74,0.5903740944842674,0.6351712759863082,2.0,37338.73902048985,0.15903740944842676
17,2,55,62,0.4168759012421719,0.9604644028883998,2.0,31929.221647379123,0.1416875901242172
18,2,42,53,0.2869124971050952,0.806229153400306,1.0,15125.809129602898,0.04869124971050952
19,2,62,54,0.30927861915431004,0.936269362792454,0.8,12507.334909576015,0.03492786191543101
20,2,44,58,0.44499093889158714,0.6240042335800273,1.0,16277.715766328638,0.06449909388915871
21,2,49,56,0.4473709810338049,0.48852271502571315,2.0,28736.833503726415,0.1447370981033805
22,2,62,69,0.572320916973374,0.6730494860731053,2.0,34890.591403730235,0.1572320916973374
23,2,83,84,0.5991502561436002,0.7200974489065156,1.3,29355.743760873564,0.10391502561436003
0,3,78,77,0.7783467595455796,0.8885057784505782,1.0,20840.01898544971,0.09783467595455797
1,3,70,70,0.8606946949365235,0.6779515812833965,1.0,18772.5411406333,0.10606946949365235
2,3,61,81,0.865448852790402,0.9643326461480312,2.0,39533.91857543865,0.1865448852790402
3,3,38,51,0.7517579781658225,0.799332559103963,2.0,25239.620586812583,0.17517579781658227
4,3,81,78,0.36094288307257244,0.7737801409309291,1.0,22087.39365361018,0.05609428830725724
5,3,41,54,0.4201339581693458,0.7527491038934242,1.3,19248.557884095357,0.0860133958169346
6,3,42,42,0.3581864697339058,0.887008994803414,2.0,21777.370096270555,0.13581864697339058
7,3,60,62,0.31450407000855474,0.8785282034172781,1.6,26800.355887654543,0.09945040700085547
8,3,50,67,0.3727060932798443,0.7410121883021495,0.8,15416.36860200601,0.04127060932798443
9,3,49,53,0.35296835410207317,0.6939346528678196,1.0,15020.780316977703,0.055296835410207315
10,3,65,78,0.3848851450147387,0.8989489758975291,0.8,17924.61500853241,0.042488514501473874
11,3,100,89,0.6552045634291248,0.833787653576805,0.8,19875.043052515393,0.06952045634291248
12,3,52,59,0.774132085774606,0.621769374832533,1.3,20216.28207063263,0.1214132085774606
13,3,74,76,0.8283028597060048,0.5033491208197363,2.0,37262.93895974062,0.1828302859706005
14,3,68,63,0.8189553767346472,0.495167276873611,0.8,13821.259470377214,0.08589553767346474
15,3,57,63,0.6725209657667056,0.6134993512973479,1.6,26149.976599521484,0.1352520965766706
16,3,45,62,0.42004942230465453,0.5765933745490126,1.6,26486.25291922135,0.11000494223046546
17,3,43,43,0.38700141070172284,0.5491327054825144,1.0,12142.768180194777,0.05870014107017228
18,3,64,56,0.25106359328566796,0.7878868382791099,1.0,16042.213163280077,0.0451063593285668
19,3,42,50,0.2949605695425467,0.69716319922378,1.6,21660.094633097888,0.09749605695425467
20,3,36,41,0.24855212728096676,0.9267387575066734,1.0,11748.280883444411,0.04485521272809668
21,3,72,70,0.46442406977443473,0.5913718738269893,1.6,29754.735125557898,0.11444240697744348
22,3,75,81,0.5569947842654842,0.5380438342916111,1.3,28440.493476505333,0.09969947842654843
23,3,92,86,0.5984474456462471,0.5727571642802668,0.8,19322.244472186147,0.06384474456462472
0,4,73,73,0.6328027862217165,0.8082973609113195,1.0,20076.16189817444,0.08328027862217166
1,4,55,76,0.6436949313032659,0.9296292282927996,2.0,38104.75111325711,0.16436949313032662
2,4,72,66,0.9071337651452192,0.6234694552364607,1.3,22272.47768851621,0.13471337651452192
3,4,43,60,0.7904903376074344,0.5263821524450685,1.0,16217.117392306616,0.09904903376074345
4,4,47,53,0.5663341278432825,0.9590258703230762,0.8,11948.742989383347,0.06063341278432826
5,4,51,46,0.34978542070120616,0.7885490924840224,2.0,23874.592238864672,0.1349785420701206
6,4,80,69,0.4138012170710407,0.8765139461634353,1.6,29497.330369060714,0.10938012170710407
7,4,49,61,0.3127023338119705,0.6127872498146609,2.0,31795.509458248187,0.13127023338119706
8,4,55,64,0.23764940131988468,0.6068898379395664,1.3,23268.587094305567,0.06776494013198847
9,4,79,71,0.5046296319604002,0.8464951975367888,1.3,25074.32054910165,0.09446296319604003
10,4,73,72,0.7510651001076092,0.5627172380907729,1.6,29614.239014028102,0.1431065100107609
11,4,99,87,0.586623790445746,0.8945741994857724,1.0,24046.9119069366,0.0786623790445746
12,4,59,72,0.7171211014661196,0.5240509376255825,0.8,15971.694736666548,0.07571211014661197
13,4,72,84,0.7738466953476595,0.7230106787617013,1.3,28783.438226041064,0.12138466953476595
14,4,57,77,0.8691304620234505,0.7123028205657375,0.8,16799.926906180663,0.09091304620234505
15,4,58,71,0.652886456813258,0.7908646715144192,1.3,24663.797401084088,0.10928864568132579
16,4,57,51,0.49904370066259773,0.7119114068487284,1.6,21593.701020777964,0.11790437006625978
17,4,31,40,0.457782231963166,0.9545635869973685,1.6,17015.45811463072,0.11377822319631661
18,4,54,55,0.20964528832598894,0.5062156675794791,2.0,29008.17054852424,0.1209645288325989
19,4,44,60,0.41118277074467935,0.6554792339817516,1.0,16899.87101265958,0.061118277074467944
20,4,76,65,0.3038184724269443,0.6649569408184877,1.6,28130.486366027933,0.09838184724269444
21,4,61,73,0.3135952459900635,0.626355396470183,1.6,31558.442258050818,0.09935952459900635
22,4,87,78,0.47671216453113463,0.44730697516699097,1.0,21816.493534997142,0.06767121645311347
23,4,88,75,0.762844728021905,0.5284983203538389,1.3,25731.679170535925,0.12028447280219051
0,5,63,77,0.713682136515933,0.7907542903315563,1.0,20989.394264648196,0.09136821365159331
1,5,70,74,0.7850899184680319,0.5851605562012473,1.0,20013.100381000968,0.0985089918468032
2,5,62,69,0.8212097602390331,0.5784565017387971,1.0,18586.095796305202,0.10212097602390333
3,5,50,53,0.5047017443533287,0.6369454016054699,1.3,18717.30149442167,0.09447017443533287
4,5,49,61,0.565591989896465,0.8592260514204262,2.0,30869.93331697894,0.15655919898964651
5,5,49,55,0.5312262127813903,0.8156280364390006,1.6,23202.362798257134,0.12112262127813903
6,5,30,37,0.2605696483354022,0.6252362786785147,1.0,10588.767690347702,0.04605696483354022
7,5,41,50,0.27491099295573057,0.7161053788770388,1.3,18105.923563736327,0.07149109929557307
8,5,31,40,0.27978013003496616,0.7288426932415275,2.0,20928.52768791608,0.12797801300349662
9,5,64,71,0.37554681371467163,0.6138343725771279,1.3,25431.750872824072,0.08155468137146718
10,5,101,85,0.4560337404500636,0.8818593078753195,1.6,36164.98233896374,0.11360337404500637
11,5,88,76,0.6749522759132682,0.8759621091350027,1.0,20805.108810917747,0.08749522759132683
12,5,64,90,0.8718567632759749,0.8802085394553484,1.6,36495.97878264779,0.1551856763275975
13,5,88,78,0.7799481685000447,0.4222965017758067,1.6,31973.954057135838,0.14599481685000448
14,5,76,81,0.71603456966077,0.9706653121301346,1.6,33452.21759315893,0.139603456966077
15,5,75,70,0.5989270816970805,0.5925625333525244,1.6,29302.80500549781,0.12789270816970805
16,5,58,56,0.5599202308447983,0.8027902724731696,1.0,15523.334012180738,0.07599202308447983
17,5,33,46,0.3172978073600344,0.9377988199902737,2.0,23964.258051686305,0.13172978073600344
18,5,49,45,0.42747827948578937,0.7642772482213622,0.8,10295.123458155349,0.04674782794857894
19,5,41,57,0.24465647945250493,0.44177111017821347,0.8,13290.589936108972,0.0284656479452505
20,5,45,55,0.39310806222297506,0.7335714228292414,2.0,28402.743394664183,0.13931080622229752
21,5,32,39,0.18807405178632375,0.8680569045427399,1.0,11245.953359410003,0.038807405178632376
22,5,49,59,0.4255865321773334,0.7207472152702763,0.8,13500.729470436896,0.046558653217733344
23,5,65,72,0.5799549350654242,0.2948722107344637,2.0,36374.59468051737,0.15799549350654243
0,6,76,64,0.725358726497767,0.8329576502610144,1.6,26402.73799219886,0.1405358726497767
1,6,62,68,0.8022485306110817,0.28722429007943073,1.0,18355.412997553394,0.10022485306110818
2,6,70,68,0.88205373323336,0.6377219625392561,1.0,18192.610384203945,0.108205373323336
3,6,83,75,0.6232057351906444,0.4966222861834429,1.3,26140.123224567367,0.10632057351906445
4,6,54,70,0.5542410503653664,0.6551927148889976,0.8,15801.675035386184,0.05942410503653665
5,6,33,46,0.5472601767534078,0.6762343513639559,1.6,19370.20952972848,0.12272601767534078
6,6,50,47,0.5146261999435904,0.8047407788345726,1.0,13092.377058079537,0.07146261999435904
7,6,31,30,0.4260333162641424,0.8691083703928655,0.8,6864.456012289817,0.04660333162641425
8,6,43,55,0.44724425240260385,0.7476439243872859,2.0,28224.093967071407,0.14472442524026038
9,6,80,72,0.38790439209244504,0.9370236066704553,1.0,20330.12651308032,0.05879043920924451
10,6,82,77,0.64526652780716,0.613621990093873,1.0,21147.43432076546,0.084526652780716
11,6,58,70,0.6697927873405994,0.5435885263036186,0.8,15607.548117267792,0.07097927873405994
12,6,111,96,0.816993776597058,0.7378089883094847,1.3,32733.815300420614,0.12569937765970582
13,6,80,78,0.8698182806312343,0.44340472486245724,1.0,20896.62522332291,0.10698182806312344
14,6,56,67,0.7041112590671945,0.5463991320103134,1.0,18282.73636927494,0.09041112590671946
15,6,88,78,0.667834454023255,0.5993411758018959,1.3,27049.967590861263,0.11078344540232551
16,6,71,67,0.39154547800563666,0.8992799348821054,1.0,18910.99358920867,0.05915454780056367
17,6,46,48,0.5056489345662082,0.3961669237588856,1.3,16949.74519449206,0.09456489345662084
18,6,36,50,0.46114696716643033,0.8679139963182544,1.0,14008.279549250354,0.06611469671664304
19,6,54,67,0.19078528573341041,0.7744280399295713,1.0,19314.521575675844,0.03907852857334104
20,6,47,53,0.20038221808465212,0.8227754973027863,1.0,15263.392273245405,0.04003822180846521
21,6,50,56,0.2998344667037719,0.549783185724533,1.6,24246.204953500262,0.0979834466703772
22,6,64,87,0.5590850595464495,0.879426785492093,2.0,44061.57598916753,0.15590850595464495
23,6,77,70,0.6664326101842777,0.8444032622650892,1.6,29075.986429780827,0.13464326101842777
0,0,75,83,0.7444871110933958,0.8164331321724922,2.0,41112.45418675489,0.17444871110933957
1,0,88,76,0.7428308993919508,0.8564224320379512,1.0,20650.34554938635,0.09428308993919508
2,0,66,71,0.796299248168517,0.8151404603476778,1.3,24266.687381821375,0.12362992481685173
3,0,92,80,0.5064899925120339,0.834825119789846,1.0,22304.42401797112,0.0706489992512034
4,0,52,62,0.5586102331538462,0.9206190517482448,2.0,31401.969932667693,0.15586102331538462
5,0,56,50,0.49769864468221625,0.7229816901132904,1.6,21173.52325276268,0.11776986446822163
6,0,63,56,0.2606076071716392,0.8457579306503854,0.8,13035.983375961318,0.030060760717163928
7,0,38,45,0.41350272753660766,0.8238332332372672,1.3,16052.102713173255,0.08535027275366078
8,0,42,59,0.19966047443586696,0.6663067244573702,2.0,31153.20192049703,0.1199660474435867
9,0,37,37,0.38459622742978583,0.7298018259403785,2.0,19126.196375105872,0.1384596227429786
10,0,55,62,0.691043911463972,0.7616886810457231,1.3,21445.135822080116,0.1131043911463972
11,0,99,84,0.6438340550690629,0.9129649281957504,1.0,23073.538181225962,0.08438340550690629
12,0,59,65,0.95,0.5914480550329649,2.0,31394.999999999996,0.195
13,0,40,57,0.7154452177689727,0.7767140892134328,0.8,12646.550942092044,0.07554452177689729
14,0,63,74,0.8105104642226093,0.7753764559158061,2.0,36361.33353885161,0.18105104642226094
15,0,78,67,0.7690582588277247,0.6715986200259961,2.0,33088.38579951254,0.17690582588277248
16,0,55,62,0.5290137318388415,0.9685221661098867,1.3,21836.92479641368,0.09690137318388416
17,0,32,44,0.3401016695081003,0.8678312340776225,1.0,12487.065796249308,0.054010166950810026
18,0,71,60,0.30574530742835226,0.7330238174469312,0.8,13902.126757303175,0.03457453074283523
19,0,29,25,0.19937863283881885,0.7763029061175756,1.0,7200.466025370885,0.03993786328388189
20,0,53,71,0.3439324395906141,0.36558319903714936,2.0,36874.847807343984,0.1343932439590614
21,0,52,54,0.223188479938358,0.552055243335921,0.8,12618.90772999989,0.026318847993835805
22,0,75,64,0.37871768125270483,0.5728850510341231,1.3,22916.48066759325,0.0818717681252705
23,0,68,80,0.7072273080165273,0.8583408737547689,2.0,39805.30892152067,0.17072273080165273
0,1,61,74,0.8439103837269469,0.9573313046044765,1.0,19882.518948126177,0.1043910383726947
1,1,67,64,0.7221437196352929,0.8153594284117901,1.0,17429.484058300237,0.0922143719635293
2,1,53,68,0.8125494777984192,0.8843207525237329,1.3,23198.23878487859,0.12525494777984195
3,1,64,69,0.8612966725243496,0.3941189392011976,1.3,23408.210654236977,0.13012966725243497
4,1,63,53,0.48961657072349135,0.723890687018999,1.0,14803.509652549648,0.06896165707234914
5,1,41,35,0.6018740364272486,0.8679315846564353,1.3,12227.841940276809,0.10418740364272486
6,1,48,48,0.18993199919133688,0.45771133992021684,0.8,11255.11833693158,0.02299319991913369
7,1,45,50,0.43267512722907947,0.38046849333802485,2.0,25701.97461831276,0.14326751272290794
8,1,46,55,0.3235611937281131,0.4923616741511148,0.8,12720.099224278893,0.036356119372811316
9,1,59,56,0.35367614114678714,0.6046542025764491,1.6,24101.478532597437,0.10336761411467872
10,1,75,83,0.6274593480625538,0.6984748699819652,1.6,34631.081957318784,0.1307459348062554
11,1,101,90,0.6657803140065931,0.691027171186234,1.3,31218.711097836862,0.1105780314006593
12,1,85,78,0.7139267902311716,0.7589243567547471,0.8,17308.649048687246,0.07539267902311717
13,1,59,84,0.8164660379160799,0.8694025500053831,2.0,41245.01116890296,0.181646603791608
14,1,58,66,0.9343207241811551,0.5327569778384462,1.3,22202.498455957706,0.13743207241811553
15,1,78,66,0.6039976180637712,0.6952554435320464,1.0,18208.084716233734,0.08039976180637712
16,1,59,53,0.5859407333334514,0.7861494293701023,1.0,14650.354233999813,0.07859407333334514
17,1,46,48,0.44837622280321293,0.7983451568179046,1.6,20440.221182661397,0.11283762228032129
18,1,32,37,0.3569891280286009,0.5710491704058008,1.3,13279.944688254729,0.0796989128028601
19,1,68,70,0.2427024985913923,0.7385384360008336,1.0,20070.324752958077,0.04427024985913923
20,1,43,59,0.27939242514934454,0.6861983917249348,1.0,16851.47540748566,0.047939242514934456
21,1,55,59,0.46357286055112534,0.7079692276868683,1.6,25081.401658919218,0.11435728605511254
22,1,47,63,0.7494075299635582,0.7928741128599643,2.0,31187.23953673775,0.1749407529963558
23,1,56,75,0.6642853522022646,0.7409357053829931,2.0,37510.71591508981,0.16642853522022646
0,2,63,83,0.7840047250973043,0.6413930935507469,1.0,22449.828234507713,0.09840047250973044
1,2,54,65,0.6730884735725486,0.9161493029918466,1.6,26978.363962453644,0.13530884735725487
2,2,54,77,0.7326691101325336,0.8181363355502224,1.0,20945.534355593845,0.09326691101325336
3,2,63,72,0.7472792226289134,0.5309141694550882,1.6,29627.323006594474,0.14272792226289135
4,2,30,41,0.5491979987838345,0.47970302909791845,2.0,20788.97292299177,0.15491979987838345
5,2,57,57,0.24356956785562126,0.8174684999738445,1.6,24833.113662347023,0.09235695678556213
6,2,44,46,0.29778382590419106,0.6954707710777781,1.3,16616.41581632788,0.0737783825904191
7,2,41,49,0.41560798051434605,0.9005809764518576,1.0,13795.056268643912,0.061560798051434606
8,2,38,54,0.24324867137001271,0.7455159178895143,1.6,23526.939443808926,0.09232486713700128
9,2,49,59,0.29857293888106673,0.8406453372864994,1.0,16817.525898180513,0.049857293888106675
10,2,56,74,0.6237270183515055,0.7568419675233854,1.0,20371.326019259657,0.08237270183515055
11,2,66,71,0.814962516911535,0.8449946839906053,2.0,34868.259677956856,0.18149625169115352
12,2,60,67,0.8327925955999991,0.7181092325011591,0.8,14676.549506275202,0.08727925955999992
13,2,45,63,0.8206633137193536,0.9088805496398994,1.6,25701.99413931268,0.15006633137193537
14,2,76,66,0.9126885423643982,0.9175163834231096,1.0,17596.876686118492,0.11126885423643983
15,2,50,60,0.6849501191908959,0.14831724332686905,1.6,24868.943656730222,0.13649501191908958
16,2,55,75,0.6561756029237041,0.5398208529407307,1.6,31189.76782947467,0.13361756029237043
17,2,51,44,0.48677756041068265,0.9527361893107903,2.0,22474.9072405158,0.14867775604106828
18,2,55,72,0.11937956729280813,0.3115120188044969,2.0,38364.280269295064,0.11193795672928082
19,2,34,46,0.3105855888489839,0.8169156596838095,1.0,13095.391887388401,0.051058558884898395
20,2,70,59,0.4527628895746,0.9274684492205506,1.3,20955.752591088847,0.08927628895746001
21,2,58,66,0.37835609832778466,0.8708382108754456,2.0,34141.70985062198,0.13783560983277848
22,2,87,79,0.3677614290226181,0.694339514142547,1.6,33946.88866114624,0.10477614290226181
23,2,69,74,0.7770267961844263,0.7452453252850041,1.0,20031.00051247057,0.09770267961844263
0,3,83,80,0.567652552257808,0.7377827718913784,2.0,40475.26774916252,0.1567652552257808
1,3,59,74,0.794273056352365,0.9394891947654772,0.8,16278.331051918201,0.08342730563523651
2,3,92,78,0.7231296279894014,0.9512436218085413,1.6,32186.68267280768,0.14031296279894015
3,3,67,63,0.7454253730208831,0.5656846193653199,2.0,31202.29208998106,0.1745425373020883
4,3,54,67,0.6120793102435843,0.7387009893430718,1.6,28004.67293825663,0.12920793102435843
5,3,56,51,0.43831564035500425,0.9636087080504162,1.6,21742.36331241095,0.11183156403550043
6,3,33,46,0.5686045753338829,0.6767680585955379,1.6,19323.081097662787,0.12486045753338829
7,3,47,55,0.2985489125860544,0.8079310557006555,1.0,15677.39429423301,0.04985489125860544
8,3,77,73,0.29271151035972565,0.5190566324391341,2.0,38137.923584624405,0.1292711510359726
9,3,52,59,0.48111640670324685,0.5421493910374744,0.8,13422.099168108203,0.05211164067032469
10,3,76,89,0.45155364474237314,0.37081985053038063,1.0,24960.35176853786,0.06515536447423732
11,3,50,69,0.5639804117528637,0.763466361328521,1.6,28999.936876274518,0.12439804117528638
12,3,47,66,0.8132631492101998,0.8820436899183081,2.0,32419.477929127606,0.18132631492102
13,3,48,68,0.5814972691129743,0.8936760977030043,1.6,28522.472913615256,0.12614972691129744
14,3,72,75,0.8663151152495793,0.42911536484667423,1.3,25429.02828789498,0.13063151152495794
15,3,89,82,0.6195378592048341,0.8281487215049053,1.0,22583.936866356107,0.08195378592048341
16,3,70,61,0.5823125165623887,0.8535068831622755,1.3,21357.918523098077,0.10223125165623888
17,3,53,55,0.5137179823336203,0.5486900735248887,0.8,12469.092263319622,0.05537179823336204
18,3,56,49,0.30408498041583115,0.7867269534160677,0.8,11355.356063030982,0.03440849804158312
19,3,66,62,0.29888235986927747,0.8159434905096908,1.0,17672.078810643143,0.04988823598692775
20,3,53,57,0.24062295259115493,0.8964581973813667,1.0,16346.534751069124,0.044062295259115494
21,3,65,56,0.46877129648106286,0.2216377187283932,2.0,28664.92844382363,0.14687712964810629
22,3,71,78,0.659442675041447,0.8169051135772922,1.6,32425.12662464483,0.13394426750414473
23,3,58,76,0.8341172055925031,0.7501994091936119,1.6,30956.500433998546,0.15141172055925034
0,4,61,78,0.725428565543093,0.4521079315495488,2.0,38724.99431325833,0.1725428565543093
1,4,58,66,0.7696578747901419,0.7021836486548287,2.0,32592.154815831036,0.1769657874790142
2,4,92,86,0.8567109581287486,0.8483618155166627,2.0,42019.371456055655,0.1856710958128749
3,4,68,78,0.7801213755892521,0.8468826224663564,2.0,38469.0319622423,0.17801213755892523
4,4,61,63,0.5972183269897613,0.6227248572504548,1.6,26377.69177918296,0.12772183269897613
5,4,49,61,0.3752483599353436,0.8325223141960965,1.3,21850.52415171382,0.08152483599353437
6,4,30,42,0.29325555988044866,0.770167299386265,1.6,18197.91679128102,0.09732555598804488
7,4,42,57,0.355492930134897,0.7650486195308741,1.6,24526.891343150925,0.10354929301348971
8,4,56,56,0.4337639104316333,0.5488672177922899,1.0,15735.276630474857,0.06337639104316334
9,4,62,72,0.3347907901079118,0.43713265654200073,2.0,37433.70378673382,0.1334790790107912
10,4,61,69,0.5716720612561433,0.6701049089122902,0.8,15547.071066559829,0.06116720612561434
11,4,64,86,0.7891377142051608,0.7019140939696434,2.0,42368.04939470137,0.1789137714205161
12,4,61,79,0.4992652809705137,0.9020581965623252,1.0,22042.74128409988,0.06992652809705137
13,4,97,94,0.95,0.8834557600895911,2.0,45401.99999999999,0.195
14,4,49,61,0.8881406428519641,0.5526916235299512,2.0,29689.405247161812,0.18881406428519643
15,4,88,77,0.7400188126580121,0.6162573479488668,1.6,31711.610468415987,0.1420018812658012
16,4,56,57,0.522008886908586,0.502002851039842,0.8,12911.171842709056,0.05620088869085861
17,4,33,36,0.5051071553411794,0.9483544922237636,1.0,10038.484272231526,0.07051071553411795
18,4,34,46,0.2790328628656656,0.8900638881824164,1.0,13138.93464924538,0.047903286286566565
19,4,42,48,0.2266311963884699,0.8780505990470373,0.8,11212.840861760482,0.026663119638846995
20,4,71,77,0.4003520332370696,0.6925900291992244,1.3,27506.42284418908,0.08403520332370697
21,4,83,74,0.3909505424352444,0.6498688992354043,2.0,38224.17959158752,0.13909505424352445
22,4,90,77,0.5436660843188774,0.9578751775917607,0.8,17401.385076178714,0.05836660843188775
23,4,67,61,0.6861372053920098,0.6605914571603446,0.8,13576.9351313061,0.072613720539201
0,5,85,85,0.6822085628994957,0.8630933407209511,1.0,23250.368164606287,0.08822085628994958
1,5,62,67,0.879142810888845,0.5200841266661205,0.8,14602.018360090737,0.09191428108888451
2,5,62,59,0.95,0.7755012889867334,0.8,12758.16,0.099
3,5,59,60,0.8016276538126708,0.8960967645849286,1.0,16197.070223137192,0.10016276538126709
4,5,48,48,0.6591637362251802,0.6563926334404905,1.6,19954.566751737188,0.13391637362251801
5,5,40,50,0.35622083027105933,0.48060060999635784,0.8,11524.53500367473,0.03962208302710594
6,5,60,53,0.25712507848868504,0.6120787289913919,2.0,27802.342250405978,0.1257125078488685
7,5,72,67,0.3352834219269682,0.5882583040316433,1.0,19024.080321926795,0.05352834219269682
8,5,48,52,0.2601501561851627,0.7691703356415729,2.0,27268.331512702294,0.12601501561851627
9,5,40,49,0.3942587995821895,0.4808027339652075,1.0,13826.439564614182,0.05942587995821895
10,5,61,70,0.7109891281422919,0.6636643131035318,2.0,34813.84566180238,0.17109891281422918
11,5,85,74,0.6008424242077149,0.6404572318441444,0.8,16621.863854607098,0.0640842424207715
12,5,66,72,0.678744518623928,0.8030179494370496,0.8,16038.009471817853,0.07187445186239282
13,5,46,61,0.7801452983160361,0.5880526742623547,1.0,16506.334104081652,0.09801452983160362
14,5,88,78,0.7374464134788822,0.7928912253488174,1.0,21206.375392459417,0.09374464134788822
15,5,65,67,0.8614314906546376,0.8615774810961355,1.6,27202.756326054685,0.15414314906546378
16,5,58,53,0.6552679781012465,0.399109818018396,1.6,22043.078263710428,0.13352679781012466
17,5,70,59,0.4776418332019313,0.7638334899355904,2.0,30169.147910465163,0.14776418332019314
18,5,47,44,0.40046257045750894,0.6228754546908162,1.6,18838.063051193745,0.10804625704575091
19,5,48,66,0.2682895752823829,0.7171666515475006,1.0,18872.78664094088,0.04682895752823829
20,5,47,46,0.4706930019837341,0.5803617382746408,1.0,12874.443657262445,0.06706930019837341
21,5,57,60,0.5040747933493763,0.6898506775339848,1.3,21190.86498356246,0.09440747933493765
22,5,68,65,0.4692307731128764,0.7393163247749723,1.0,18194.99999242989,0.06692307731128765
23,5,84,78,0.7446409669275849,0.7947702483298001,0.8,17251.152109911563,0.07846409669275849
0,6,53,73,0.9022171016843756,0.7967457686852457,1.3,24648.707911504585,0.13422171016843756
1,6,70,67,0.8309812159958121,0.8340254906038591,0.8,14679.462204678735,0.08709812159958122
2,6,63,74,0.7727854435073948,0.7159094505987901,1.6,30359.706104661735,0.1452785443507395
3,6,58,55,0.7158669682614063,0.673510458181336,1.6,22714.91120378989,0.13958669682614064
4,6,40,52,0.5312689319672881,0.5413004968610708,1.0,14459.22046613103,0.07312689319672881
5,6,51,48,0.3182846507405275,0.8104074109315507,2.0,25003.34020586728,0.13182846507405277
6,6,52,53,0.4740319968056158,0.24627903048901903,1.3,18780.69586260279,0.0914031996805616
7,6,39,35,0.2472366438616086,0.8918930928193608,0.8,8158.721219156249,0.028723664386160863
8,6,69,58,0.15749492296066142,0.9138789036065879,1.3,21268.466484262983,0.059749492296066145
9,6,62,65,0.5122035388269081,0.5703323117695138,2.0,33102.40619857506,0.1512203538826908
10,6,73,82,0.5780637267679067,0.7401884086620848,1.0,22685.96323215095,0.07780637267679068
11,6,79,74,0.8170777178447347,0.7307673150577595,0.8,16237.829973107755,0.08570777178447347
12,6,73,88,0.6281318533331276,0.7207087455141097,1.0,24213.73190720054,0.08281318533331276
13,6,75,79,0.9004019426658016,0.6983731569144397,1.3,26680.221614646664,0.13404019426658018
14,6,85,75,0.7417436376346876,0.7207439283077237,1.0,20381.076815321954,0.09417436376346877
15,6,77,76,0.7779714084877903,0.37919298883387353,0.8,16748.020150918273,0.08179714084877904
16,6,58,58,0.5288984043798695,0.6406908976959228,1.0,16131.716776379026,0.07288984043798695
17,6,39,39,0.38147584776964233,0.7383418445599546,2.0,20167.346516219037,0.13814758477696423
18,6,44,47,0.6025354014553885,0.8988085544780977,2.0,23680.850167895805,0.16025354014553886
19,6,29,39,0.28266450824837513,0.9710663703497238,2.0,20398.565050698802,0.1282664508248375
20,6,73,65,0.23049085024210808,0.7698639231211637,1.3,23650.30569463626,0.06704908502421081
21,6,63,61,0.5262544147279052,0.629272799112949,1.0,16970.954421047933,0.07262544147279053
22,6,54,77,0.43784948072669566,0.5108636066393543,2.0,39557.135399042665,0.14378494807266956
23,6,48,68,0.7862406595135351,0.8969956714659998,1.3,23268.009770970104,0.12262406595135353
0,0,60,78,0.6575575688752139,0.4541522093498416,0.8,17414.1722310656,0.06975575688752139
1,0,51,63,0.755614707733818,0.451181980176439,1.6,25898.701123812934,0.14356147077338183
2,0,64,71,0.8206247108939015,0.7210090365553061,1.6,28965.87098527358,0.15006247108939016
3,0,51,67,0.6805465804570532,0.632577521960152,1.0,18330.101373281323,0.08805465804570532
4,0,57,69,0.6041452514742881,0.32913751314443046,1.0,19035.41932944822,0.08041452514742882
5,0,44,55,0.39103439513405924,0.6687021124412028,1.3,19667.431222437444,0.08310343951340593
6,0,51,49,0.5058874859567685,0.8740366599670644,0.8,11118.036316514841,0.054588748595676855
7,0,48,50,0.31552939642469635,0.8114802479770636,0.8,11573.364724290364,0.03555293964246964
8,0,63,59,0.370701435392383,0.8454701078182831,1.3,21144.57599716213,0.0810701435392383
9,0,71,68,0.5882387851738006,0.9350872305526063,0.8,15294.71430259636,0.06282387851738006
10,0,97,87,0.5596655048142776,0.8701980555005057,1.0,24117.273032434736,0.07596655048142777
11,0,75,68,0.5856530470368013,0.7657558082587939,0.8,15298.934227235939,0.06256530470368013
12,0,73,78,0.7709789758445142,0.4975898184813415,1.0,21127.909196523837,0.09709789758445143
13,0,93,80,0.7332645614600369,0.6665741818899037,1.0,21760.16505249591,0.0933264561460037
14,0,49,69,0.7990565512804613,0.8345570102531868,1.0,18631.952938849445,0.09990565512804614
15,0,67,70,0.65569938382641,0.8806472915007562,0.8,15631.22503517163,0.06956993838264101
16,0,35,43,0.6501037692880811,0.8062091344551929,1.6,17894.6658201894,0.13301037692880813
17,0,45,58,0.24303243156416865,0.8070215540502291,1.0,16629.123569078347,0.04430324315641687
18,0,59,70,0.2741441345602211,0.7539787870723378,1.6,30394.075707877662,0.09541441345602211
19,0,32,29,0.3620364816640581,0.3772164637215307,2.0,15030.056521904537,0.13620364816640582
20,0,40,39,0.3046574791377483,0.7301464101936338,0.8,9037.400599527067,0.03446574791377484
21,0,57,72,0.5468740108320908,0.8955323175835243,0.8,16265.88170928215,0.05868740108320908
22,0,64,81,0.5062731065997859,0.6958314500338224,1.3,28600.723256251276,0.09462731065997859
23,0,79,69,0.5543793258124777,0.6582142682345173,0.8,15575.70783645454,0.05943793258124778
0,1,99,91,0.7045876334538632,0.570778240698048,0.8,20213.820608536764,0.07445876334538633
1,1,67,76,0.7221576295604057,0.9171636500020891,0.8,16849.82448368182,0.07621576295604059
2,1,66,65,0.9454222298295193,0.7723085902317307,0.8,14062.741321465954,0.09854222298295194
3,1,52,56,0.6849767789297643,0.6149227852427908,1.0,15313.239011397996,0.08849767789297644
4,1,36,48,0.5507412837064698,0.3265182970243844,1.3,16865.332316901488,0.099074128370647
5,1,45,47,0.5672847166277999,0.8541422486320189,2.0,23780.257099109604,0.15672847166278
6,1,65,61,0.32059437449903383,0.9186133973646983,1.3,21980.545983066797,0.07605943744990339
7,1,41,35,0.3614447393171565,0.7671436526345773,2.0,18140.96604743397,0.13614447393171566
8,1,74,68,0.39025217228291254,0.3782300196042899,1.0,19195.88556854286,0.05902521722829125
9,1,45,58,0.27623698356853643,0.7444601043291411,1.3,20999.871943167967,0.07162369835685364
10,1,97,84,0.5950982299921528,0.5714004834981472,0.8,18879.64196833582,0.06350982299921529
11,1,61,67,0.8992217156949726,0.613525534080939,1.3,22630.61365688904,0.13392217156949726
12,1,76,84,0.6548449080336971,0.9253324218386856,1.0,23045.790831755083,0.08548449080336971
13,1,86,80,0.6941010786680466,0.851060747430182,1.6,33123.451857914704,0.1374101078668047
14,1,64,73,0.7893127789697754,0.81024861692976,1.6,29891.528022489907,0.14693127789697755
15,1,53,71,0.6653081893223822,0.839915701371857,0.8,15838.15484539466,0.07053081893223823
16,1,55,52,0.4598939803975364,0.6322544949079452,0.8,11856.132312463875,0.04998939803975364
17,1,55,55,0.21029534587337628,0.747230224750995,1.0,15823.012679308931,0.04102953458733763
18,1,36,47,0.38793622592789767,0.7600673017839388,1.3,16812.392897874164,0.08279362259278977
19,1,39,38,0.1,0.9935951929109477,1.3,14019.72,0.054000000000000006
20,1,59,73,0.2697488449977293,0.7132700624663592,0.8,16977.320023563978,0.030974884499772933
21,1,45,61,0.36886165643828994,0.5600333746422902,1.3,21865.718119333313,0.080886165643829
22,1,71,72,0.3831134730202095,0.5217506653971485,1.6,30885.879837242155,0.10631134730202096
23,1,84,81,0.7022470982372603,0.8489074545227713,1.6,33505.823282053534,0.13822470982372603
0,2,78,79,0.7443068664663217,0.6396331105258866,0.8,17472.95418117985,0.07843068664663218
1,2,89,85,0.8059716940362212,0.8166056059995677,1.0,22934.772180207638,0.10059716940362212
2,2,54,72,0.712188055018169,0.6146470013087261,1.3,24844.655941508983,0.1152188055018169
3,2,70,64,0.776930455750185,0.4958907679645038,1.3,21922.54158244754,0.1216930455750185
4,2,61,60,0.618536139037781,0.7019562803659293,1.0,16526.634949731993,0.08185361390377811
5,2,52,44,0.5944458339227462,0.7449344665689804,1.3,15384.890948988568,0.10344458339227464
6,2,37,42,0.2176353031845345,0.9194573513033742,1.6,18350.367228779978,0.08976353031845345
7,2,42,52,0.5150265946827585,0.7205111576872455,1.0,14484.558512294896,0.07150265946827584
8,2,59,62,0.41807110238594397,0.7798571916212736,0.8,14198.390199649715,0.045807110238594406
9,2,55,63,0.3134709969813411,0.8354961298365254,1.6,27235.743705128425,0.09934709969813413
10,2,77,65,0.5608620668035373,0.8781636225509745,1.3,22812.814660653035,0.10008620668035374
11,2,64,79,0.570220344480169,0.6192692729332269,1.0,21874.577783582,0.0770220344480169
12,2,84,80,0.9469982395713972,0.8793707773603092,1.3,26872.56549253724,0.13869982395713973
13,2,75,74,0.8755850257804707,0.8604783463776677,1.3,25063.221615597566,0.13155850257804708
14,2,73,64,0.7551892258821287,0.8266606516232148,2.0,31660.073372612624,0.1755189225882129
15,2,74,81,0.7659940762506536,0.6096101318203778,0.8,17873.14751576873,0.08059940762506537
16,2,64,55,0.4489280542399905,0.8939933453596189,1.6,23419.629936806425,0.11289280542399906
17,2,58,50,0.29563007746879844,0.691805247774111,0.8,11597.243907037444,0.03356300774687985
18,2,52,53,0.4509281979743607,0.9078599159807802,2.0,27186.048330441536,0.14509281979743607
19,2,56,65,0.3064627710924756,0.6868105210904184,2.0,33904.795192739344,0.13064627710924756
20,2,41,49,0.3242463497769901,0.6553081476576308,1.0,13929.357865827826,0.052424634977699
21,2,60,64,0.425760398531299,0.8423939022289311,1.6,27323.10405571185,0.11057603985312991
22,2,71,93,0.6020468320238496,0.801677082185655,2.0,46860.57867730692,0.16020468320238496
23,2,76,65,0.6435462934350478,0.4376444458130089,1.6,27070.535564482656,0.13235462934350478
0,3,80,98,0.7608672596030166,0.7164319912354123,1.6,40262.160410827404,0.14408672596030167
1,3,64,76,0.8527693601056316,0.7358000327666243,2.0,37151.37171791832,0.18527693601056316
2,3,53,52,0.8076309986755762,0.8238216328732556,1.6,21246.873027305763,0.14876309986755765
3,3,72,64,0.7134709850000759,0.7460827252203945,0.8,14202.668567039886,0.07534709850000759
4,3,58,66,0.6043714724094609,0.5668933867610643,1.0,18207.344484629266,0.0804371472409461
5,3,30,30,0.3346482218563647,0.8941646581080269,2.0,15597.633200658544,0.1334648221856365
6,3,39,44,0.4869127156984683,0.8847260612660561,1.0,12293.275215278021,0.06869127156984683
7,3,35,48,0.5260644069857309,0.7392173013110486,1.6,20261.227606304878,0.1206064406985731
8,3,60,63,0.40359059206419334,0.8381865099459395,2.0,32494.42756199735,0.14035905920641933
9,3,59,67,0.4955785713868599,0.8922990819147839,0.8,15218.78965720993,0.053557857138685994
10,3,49,70,0.4127403964859325,0.9167592967761434,0.8,16039.396133903636,0.04527403964859326
11,3,71,63,0.6123853245075414,0.8772612653886527,2.0,31705.183473361492,0.16123853245075415
12,3,65,71,0.7480046644789972,0.5647581513498882,2.0,35153.50012931947,0.1748004664478997
13,3,83,83,0.7412191982540574,0.6082470448532901,1.3,28546.393455251615,0.11812191982540574
14,3,67,81,0.5098520277828269,0.5591316048041708,2.0,41262.119144975455,0.1509852027782827
15,3,79,74,0.7264244284567664,0.9080302944219635,1.0,20143.337768825975,0.09264244284567665
16,3,62,74,0.46382121700665774,0.7240727793630249,0.8,16865.213518596178,0.05038212170066578
17,3,56,48,0.36361220814359485,0.26205527019786823,1.0,13588.398420273224,0.056361220814359486
18,3,28,40,0.2855116078515014,0.9529975813403859,2.0,20914.772141156394,0.12855116078515016
19,3,43,53,0.4765700891933213,0.7152636208674638,1.3,18775.449625637404,0.09165700891933214
20,3,46,56,0.15348254081452528,0.6483330785942915,1.0,16206.1493314316,0.03534825408145253
21,3,91,85,0.45412634134415353,0.6068779026396206,1.0,23831.97782957241,0.06541263413441535
22,3,60,67,0.532956737109704,0.5590836495467237,1.0,18626.756958409493,0.07329567371097041
23,3,68,77,0.555882797975749,0.39825037167047234,1.3,27039.363957678826,0.09958827979757491
0,4,63,79,0.7370104212697922,0.7264228889228258,0.8,17486.788241272476,0.07770104212697923
1,4,74,77,0.7244664470472988,0.5422642856752128,1.3,26533.107259516964,0.11644664470472987
2,4,61,79,0.8059681163148172,0.6559726698157287,0.8,17356.044451467107,0.08459681163148174
3,4,68,61,0.5896424033207629,0.7853144986014894,1.3,21340.480722499906,0.1029642403320763
4,4,64,61,0.497903034206206,0.9324433615090337,2.0,31117.674894805285,0.1497903034206206
5,4,56,54,0.4734826784300185,0.7365540162413505,1.3,19136.205479226384,0.09134826784300186
6,4,61,57,0.32134878282778184,0.880354158881313,1.0,16208.493581364493,0.052134878282778185
7,4,42,58,0.3566186599069353,0.7470574613604118,0.8,13367.906825409547,0.03966186599069354
8,4,25,33,0.5758167189749118,0.7105972708215564,0.8,7432.273158571869,0.06158167189749119
9,4,64,65,0.5330129965413557,0.7692527832941499,2.0,33021.24931348871,0.15330129965413558
10,4,77,79,0.5295789155553433,0.6455492854920873,0.8,17880.07837610707,0.05695789155553434
11,4,72,86,0.608786437054328,0.6121245117442359,2.0,43298.66198479967,0.1608786437054328
12,4,73,66,0.6478036565610831,0.746729928245456,1.0,18121.348760009056,0.08478036565610832
13,4,52,69,0.744556557628014,0.5022433246286239,1.0,18744.76792571001,0.0944556557628014
14,4,90,89,0.7571213479052007,0.4933901721113644,0.8,19657.348800874493,0.07971213479052008
15,4,68,73,0.5690561392552846,0.5829246833467541,1.6,30663.307288049484,0.12490561392552847
16,4,43,42,0.4044577001316585,0.7252174058371034,1.3,14996.778287184343,0.08444577001316586
17,4,52,49,0.26403973875744086,0.7689044982033715,1.6,21299.618534442503,0.09440397387574409
18,4,46,52,0.33829015051858813,0.8347634977493934,2.0,27024.534730382005,0.13382901505185882
19,4,64,56,0.33120930895902706,0.9176273146942706,1.0,15907.568360948833,0.05312093089590271
20,4,57,75,0.32892192732741504,0.7545040672855721,2.0,39019.851327026634,0.1328921927327415
21,4,55,70,0.35802926067279034,0.6397175221729008,1.6,30112.221684139426,0.10380292606727903
22,4,72,63,0.608720090153779,0.9464808680953177,1.6,26342.910447374972,0.1288720090153779
23,4,70,72,0.5663850156598332,0.6310389688558915,2.0,36433.216732349516,0.15663850156598333
0,5,91,82,0.6481086800437433,0.8141334450694369,1.0,22513.65264709239,0.08481086800437435
1,5,49,71,0.7768879522804004,0.6699825675925775,1.3,24320.43726013557,0.12168879522804005
2,5,67,63,0.7817483548077326,0.6877935555636262,0.8,13877.516487530707,0.08217483548077327
3,5,48,55,0.7626839285157702,0.5193041396891598,1.3,18870.242973333672,0.12026839285157703
4,5,52,45,0.48908932267475025,0.8232686385350431,1.6,19074.76706302254,0.11690893226747504
5,5,50,55,0.38480273875256643,0.643082279629162,0.8,12639.260384846613,0.04248027387525665
6,5,43,52,0.40784538343301174,0.7439638516036866,1.0,14651.761201844502,0.06078453834330118
7,5,59,56,0.14236081289597838,0.8113691011694272,1.0,16224.833834334757,0.03423608128959784
8,5,75,72,0.35168246449257806,0.4659975912423495,1.0,20408.365876696033,0.0551682464492578
9,5,57,50,0.3249319744939663,0.7466842159193084,1.0,14212.60203825905,0.052493197449396636
10,5,59,76,0.6109522713300166,0.918520810834356,1.6,31770.606114188093,0.12909522713300167
11,5,59,79,0.5993270134105345,0.8407173321881328,1.6,33068.79196514726,0.12793270134105345
12,5,60,57,0.7539566242728172,0.9077473345101306,2.0,28201.468344986966,0.17539566242728172
13,5,55,74,0.7598933477124912,0.6418261069575614,0.8,16339.389414462617,0.07998933477124913
14,5,53,60,0.7446543514224963,0.5241333187459511,1.0,16299.622167439507,0.09446543514224963
15,5,102,86,0.81795916607429,0.9328311539935399,1.3,29320.804956986838,0.125795916607429
16,5,54,60,0.6323545639429211,0.5832678445475995,1.6,25020.418855844386,0.13123545639429213
17,5,42,47,0.44958502782872123,0.8729389031990965,2.0,24112.170221523003,0.14495850278287215
18,5,33,44,0.3951991460268077,0.6487797753619365,2.0,22716.67425448923,0.1395199146026808
19,5,50,67,0.4914270999163847,0.7868652687356265,1.3,23696.180987918488,0.09314270999163848
20,5,48,63,0.34886057129898307,0.8672641447652893,0.8,14532.042816195937,0.03888605712989831
21,5,77,70,0.5218209224385887,0.6786388972769116,0.8,15856.14085030317,0.056182092243858874
22,5,41,58,0.6438064114694362,0.7370577758872819,1.6,24154.52295046909,0.13238064114694365
23,5,59,69,0.6792957904922774,0.8298739076360078,1.3,23897.975027785284,0.11192957904922773
0,6,66,77,0.95,0.9593648418660295,1.0,20443.5,0.115
1,6,76,84,0.7883742241843207,0.4849629328385064,1.6,34399.51512808882,0.14683742241843206
2,6,54,66,0.7000878208074954,0.7143847673475053,2.0,32867.65222960232,0.17000878208074954
3,6,55,77,0.5707038707556752,0.7018360601870904,1.3,26994.85627612071,0.10107038707556754
4,6,74,69,0.5869146390022819,0.7945959320178803,2.0,34830.17339453055,0.1586914639002282
5,6,76,64,0.5904037544236471,0.8368844225545853,1.3,22388.112228958576,0.10304037544236472
6,6,28,33,0.30116380801743725,0.6319249915676498,1.3,11916.122179081558,0.07411638080174374
7,6,50,64,0.13895143100405422,0.8870803814061001,1.6,28204.181203955548,0.08189514310040542
8,6,69,63,0.4164288220750156,0.48371518362953997,1.0,17734.94952627822,0.06164288220750157
9,6,67,63,0.5955246323023766,0.8836071092192843,1.6,26382.813511917615,0.12755246323023767
10,6,59,76,0.5104852645977261,0.7231785444467322,1.0,21180.093596717183,0.07104852645977262
11,6,53,68,0.6213134208796225,0.3296148346556933,1.0,18724.52062140557,0.08213134208796226
12,6,68,75,0.8258374176965716,0.6499814113251957,0.8,16441.492648146173,0.08658374176965716
13,6,53,73,0.8400677138349426,0.8032577787058358,1.6,29713.682730722358,0.15200677138349428
14,6,106,90,0.6516746237809027,0.3649976911428609,1.0,24700.478515791565,0.08516746237809028
15,6,70,65,0.6199888443836836,0.6153563374357176,1.3,22662.92827948736,0.10599888443836837
16,6,48,44,0.6072103300906373,0.7553383537821899,1.3,15362.987073564467,0.10472103300906374
17,6,81,72,0.4048109112696162,0.6215713078644911,1.3,25707.770961154918,0.08448109112696163
18,6,63,60,0.2666749171987162,0.7634680659461033,1.0,17159.98514904231,0.046667491719871626
19,6,40,48,0.38330783120703005,0.9389255534785809,2.0,24816.073446123755,0.13833078312070302
20,6,39,55,0.37562220006306896,0.6462061597499558,1.3,19700.490380864718,0.0815622200063069
21,6,69,73,0.39072522831997647,0.7570255783297746,1.3,26104.925274973033,0.08307252283199765
22,6,86,81,0.6300850282085557,0.6029972195802291,1.3,28209.601395889167,0.10700850282085558
23,6,89,85,0.7157747426602259,0.77614485681651,1.0,23164.774406216424,0.0915774742660226
0,0,85,84,0.8420592147442519,0.5836626761892083,2.0,41116.02155768897,0.18420592147442522
1,0,63,81,0.95,0.774704514507316,2.0,39123.0,0.195
2,0,54,61,0.8146432908473552,0.7837176031084122,2.0,29958.40555549868,0.18146432908473553
3,0,57,59,0.5791005172732161,0.5068280431014675,1.0,16320.992084426409,0.07791005172732161
4,0,49,65,0.5253012645207394,0.7551817878106313,0.8,14718.130027347646,0.05653012645207395
5,0,35,43,0.46682530671910694,0.23138827986558058,2.0,22015.590708664706,0.1466825306719107
6,0,46,47,0.3261240076447897,0.4790285454684291,1.3,16925.6946939871,0.07661240076447898
7,0,54,48,0.29684346972661674,0.8019110329623488,1.6,20789.352645749877,0.09768434697266168
8,0,39,49,0.18023279682376733,0.36846992601858525,2.0,25930.11557733812,0.11802327968237675
9,0,51,57,0.48930172343435074,0.7847349300711168,1.0,15921.29405292726,0.06893017234343508
10,0,64,66,0.5320540736750702,0.5504742182384865,2.0,33533.06586824672,0.15320540736750704
11,0,51,73,0.6861315164650719,0.9814967417854056,1.6,30253.07516630639,0.1366131516465072
12,0,50,64,0.7993454411579175,0.8346177553931277,1.3,21866.59377886984,0.12393454411579177
13,0,83,73,0.846851979418316,0.6894976679374533,0.8,15966.23533205911,0.0886851979418316
14,0,75,68,0.5515727572352906,0.6717420340393292,1.3,23890.349047812007,0.09915727572352907
15,0,66,68,0.531926469621874,0.8331040431909777,0.8,15386.616001577102,0.0571926469621874
16,0,48,55,0.6241873697892185,0.8795774729918003,1.6,22956.945343756466,0.13041873697892187
17,0,53,66,0.5641729030637072,0.8094948619376413,1.0,18286.937651933862,0.07641729030637072
18,0,63,59,0.3652064553298807,0.8705091633159824,1.3,21157.219946285943,0.08052064553298807
19,0,42,48,0.4162848601954021,0.7200906837951945,0.8,10994.359841054897,0.04562848601954022
20,0,60,55,0.33691652500893526,0.6723697863236082,1.0,15614.087733735258,0.05369165250089353
21,0,85,82,0.39683141366554026,0.8069998418596085,1.6,35121.59155581243,0.10768314136655403
22,0,78,70,0.4858818152145913,0.7015377464192395,1.0,19559.648188049356,0.06858818152145914
23,0,54,77,0.6918687724321151,0.8862061502393491,1.0,21039.783135681813,0.08918687724321152
0,1,54,65,0.8815159314541239,0.9398355299442737,1.3,21999.957113763798,0.1321515931454124
1,1,98,82,0.8953843739458996,0.8618344371299462,0.8,17839.16355207447,0.09353843739458997
2,1,105,91,0.7353075291864636,0.6705921535148197,2.0,45125.220890641904,0.17353075291864636
3,1,74,69,0.644453037115132,0.9116674881691614,0.8,15426.545770537341,0.06844530371151321
4,1,76,69,0.48974626702502067,0.7584699398342922,0.8,15682.740181806565,0.052974626702502074
5,1,48,49,0.515430280100548,0.8130453706175701,1.6,20708.34798120351,0.11954302801005481
6,1,29,35,0.4161313919071272,0.8358274237158801,1.0,9853.062038497515,0.06161313919071272
7,1,35,38,0.30942180236595695,0.7900565738400681,0.8,8801.327316242247,0.034942180236595705
8,1,50,68,0.4499083609549226,0.5403648975275547,2.0,34884.37388730392,0.14499083609549226
9,1,54,74,0.48407261249086303,0.5711164475477621,0.8,16829.247040216225,0.05240726124908631
10,1,52,54,0.5921632331626334,0.6422560529018894,0.8,12140.716449821228,0.06321632331626334
11,1,53,59,0.5374637673290332,0.42505183667703317,1.0,16394.68913182761,0.07374637673290332
12,1,59,59,0.7402635002897412,0.7352091805062605,1.0,16035.733604487159,0.09402635002897412
13,1,76,84,0.8634425035068848,0.5142474795456408,1.0,22520.124891162646,0.1063442503506885
14,1,75,82,0.6495859013874071,0.5533352530020001,1.6,34126.74989213917,0.13295859013874073
15,1,49,65,0.7674702934526018,0.8627199694446293,2.0,32106.865855534852,0.17674702934526018
16,1,63,58,0.5472916332474071,0.47682806897099456,1.0,16099.712558149513,0.07472916332474072
17,1,42,52,0.5278282929814031,0.7214071759306286,1.0,14464.58786294901,0.07278282929814031
18,1,41,52,0.5104455199484454,0.5784612761934945,0.8,11793.04399110434,0.05504455199484455
19,1,47,50,0.39744694114906026,0.7798168594324887,1.6,21414.12734124226,0.10774469411490603
20,1,55,52,0.35194772946683234,0.6187555670608431,1.6,22384.25846725079,0.10319477294668325
21,1,66,63,0.4645125177501753,0.9172382710438725,1.0,17644.07134145217,0.06645125177501754
22,1,80,70,0.6269706512645957,0.81326669770787,1.6,29208.57861175096,0.13069706512645957
23,1,73,91,0.5678986162461189,0.6345030636535425,1.0,25203.6367776481,0.07678986162461189
0,2,58,71,0.7029157609194104,0.6079989446980526,1.6,29367.023086786656,0.13829157609194104
1,2,69,68,0.7689434283281461,0.6071914624651719,1.3,23313.882028073756,0.12089434283281461
2,2,64,65,0.8844298207222147,0.502795130972984,2.0,31650.72369918336,0.1884429820722215
3,2,46,53,0.6449974441790691,0.5942291847592879,2.0,26568.90812751056,0.16449974441790693
4,2,32,39,0.3575201138963331,0.8103972071742189,1.3,13996.971906763678,0.07975201138963331
5,2,54,62,0.3987226669297158,0.9299820829798905,2.0,31996.751679021458,0.1398722666929716
6,2,27,33,0.37181816961957515,0.41001808516320115,2.0,17083.800024153243,0.13718181696195753
7,2,26,31,0.4305665647903915,0.6058572350624167,1.0,8713.573094744936,0.06305665647903916
8,2,51,62,0.44991740228918287,0.9475594066055429,1.6,26397.36581078739,0.1129917402289183
9,2,70,71,0.5528539872403982,0.8439832327018082,2.0,35984.8420143559,0.15528539872403985
10,2,54,75,0.6528102268902274,0.5802614414458983,2.0,37562.35397899398,0.16528102268902273
11,2,69,85,0.6217474314170579,0.5909902213725385,1.6,35488.870479818404,0.1301747431417058
12,2,120,115,0.8312526292612602,0.6237356963577717,2.0,56364.35685809731,0.18312526292612602
13,2,66,77,0.7489848635744687,0.6658312848387316,0.8,17021.955972114385,0.07889848635744688
14,2,85,79,0.8467518871572088,0.5176814330504237,1.0,21219.198027437415,0.10467518871572089
15,2,47,62,0.6712444835415102,0.5430292483475272,1.0,16979.48526061279,0.08712444835415104
16,2,53,76,0.616093596186295,0.8057097847140794,1.6,31751.850561112395,0.12960935961862952
17,2,31,39,0.4913194497136631,0.6030463543628921,2.0,19910.312487670028,0.1491319449713663
18,2,41,52,0.3781618138884103,0.856593661176687,1.3,18620.767841434303,0.08181618138884103
19,2,37,35,0.3868894217076254,0.7126008953128238,0.8,8041.412885765595,0.04268894217076255
20,2,50,45,0.1635836671772501,0.8604854847822121,1.3,16490.710664103925,0.060358366717725015
21,2,63,79,0.3611334370073859,0.753129147615728,1.6,33972.02200686799,0.1041133437007386
22,2,43,52,0.4847683444127556,0.4636312567516342,1.0,14531.7613827161,0.06847683444127557
23,2,85,74,0.7817063937938917,0.771289026996054,0.8,16300.649444622046,0.08217063937938918
0,3,78,78,0.6688521690467426,0.7739284230550183,1.6,32389.897479088995,0.13488521690467425
1,3,52,63,0.8727164028429684,0.7050777552342022,1.3,21344.65579821483,0.13127164028429686
2,3,56,56,0.7137432071917784,0.6910466603111709,1.0,15264.911411917812,0.09137432071917785
3,3,62,59,0.5921480424642356,0.7634219945913445,1.0,16297.897964838303,0.07921480424642356
4,3,63,54,0.5997892598839962,0.8001963129996542,1.6,22602.786238380682,0.12797892598839963
5,3,35,48,0.36235670177220397,0.7807360545653005,2.0,24876.412698896052,0.1362356701772204
6,3,51,60,0.4118625335174916,0.7527793791839815,1.3,21406.641671569072,0.08518625335174917
7,3,51,56,0.4791446787489682,0.48783683347251466,2.0,28630.07387940347,0.14791446787489682
8,3,66,59,0.39003823138619864,0.7742747320389178,1.0,16655.632330446428,0.05900382313861986
9,3,50,52,0.4761293551936999,0.4867922872897319,1.3,18422.089667667176,0.09161293551937
10,3,68,63,0.45966195610272376,0.6992638940963011,1.6,26793.662244745363,0.11396619561027238
11,3,62,89,0.6490506336604237,0.744462978586078,1.6,37042.29569300267,0.13290506336604238
12,3,70,75,0.6940679961374064,0.7092644397694903,1.0,20488.347008690835,0.08940679961374065
13,3,86,82,0.8420000658006956,0.8990373568114811,0.8,17944.223870504233,0.08820000658006957
14,3,69,65,0.8149504244225799,0.920289440936142,1.3,22168.70067408876,0.125495042442258
15,3,59,79,0.5825995570642065,0.6359078232559527,0.8,17779.551239806264,0.06225995570642066
16,3,32,45,0.6060011609938896,0.6558826885443721,1.3,15714.267962455724,0.10460011609938896
17,3,57,54,0.4416146251774143,0.8652749588657896,2.0,27729.16861442518,0.14416146251774142
18,3,32,42,0.1967125769661552,0.6511257174892783,0.8,9841.393722418117,0.023671257696615527
19,3,59,55,0.22086312278351808,0.7456241441958988,1.6,24021.721355851514,0.09008631227835182
20,3,55,54,0.20268286371630898,0.8023468632967736,2.0,28503.30752155916,0.12026828637163091
21,3,82,77,0.5214915466337036,0.7331356138235647,0.8,17442.363621820918,0.056149154663370365
22,3,44,53,0.4419877942839096,0.9727646246597725,2.0,27214.478814177168,0.14419877942839096
23,3,111,93,0.6959543682884577,0.42608265583378185,1.6,38497.73969996033,0.13759543682884579
0,4,90,100,0.7092635226187127,0.9450684212542547,1.0,27272.209432143864,0.09092635226187128
1,4,53,69,0.807120591172649,0.5033178534707121,1.3,23553.998489154405,0.1247120591172649
2,4,76,74,0.6372631648452192,0.8802888868119589,1.3,25751.0185062567,0.10772631648452191
3,4,43,56,0.8397973656720948,0.6470304336387332,1.0,15053.140425670881,0.10397973656720949
4,4,50,49,0.5169144615794209,0.8517394292641413,1.6,20704.857186365203,0.1196914461579421
5,4,33,39,0.2545820218204591,0.3794050838033892,1.6,16970.462455152097,0.09345820218204591
6,4,43,49,0.46359145426523685,0.6865672540368426,1.6,20830.27289956817,0.1143591454265237
7,4,41,58,0.39565673077510155,0.9703001621386976,1.6,24845.37166152212,0.10756567307751017
8,4,34,46,0.42652062705829197,0.7817985649535816,0.8,10524.961227727646,0.0466520627058292
9,4,43,55,0.43353454986577733,0.6099560355064071,1.0,15454.667992721468,0.06335345498657774
10,4,67,77,0.6503850181073241,0.5956692895881731,1.3,26755.57379062371,0.10903850181073241
11,4,91,77,0.5430063800345888,0.5242616581977689,1.0,21383.655262120097,0.07430063800345889
12,4,85,75,0.8453782085947071,0.4854015666239773,0.8,16406.31922452953,0.08853782085947072
13,4,65,68,0.6701586625678526,0.7672254843584807,1.0,18624.87632836158,0.08701586625678527
14,4,80,70,0.8614329965968203,0.9570607893956089,1.0,18770.990707146677,0.10614329965968204
15,4,33,47,0.5768027554807287,0.8139615573550516,1.3,16466.200549203826,0.10168027554807288
16,4,42,48,0.5064569161355831,0.9020394573762985,1.0,13382.702040764761,0.07064569161355831
17,4,74,68,0.38335430894233974,0.5930208280444146,2.0,35155.914419515255,0.13833543089423397
18,4,44,48,0.31787384280396985,0.763269097965559,1.3,17301.260166270968,0.075787384280397
19,4,68,58,0.12861742797600986,0.6284786698549726,1.3,21333.787377918266,0.05686174279760099
20,4,50,63,0.33193920240721625,0.6577717249843107,1.3,22673.34537968547,0.07719392024072164
21,4,58,64,0.39140167129806913,0.8915835365972438,1.0,18064.508791107706,0.05914016712980692
22,4,39,51,0.5161135860832172,0.8389370204561316,1.3,17988.290077280482,0.09561135860832173
23,4,66,83,0.7619140786622963,0.7872784446335374,1.6,34095.41431060941,0.14419140786622964
0,5,92,81,0.726465421377989,0.6283741251010103,2.0,40209.37805210297,0.1726465421377989
1,5,87,100,0.6246833437559565,0.2963754868513557,0.8,22404.759974985704,0.06646833437559566
2,5,91,79,0.8639628082140874,0.6616005307684796,1.6,32065.293031252182,0.15439628082140877
3,5,31,38,0.549561641040254,0.8221294689857066,1.3,13353.469647978343,0.09895616410402541
4,5,41,57,0.5918075249689426,0.6235915546365117,1.3,19936.29187199404,0.10318075249689426
5,5,52,49,0.36177222827141353,0.6073665485783902,0.8,11287.51585955282,0.04017722282714136
6,5,57,57,0.45348925222073244,0.5799649248780954,1.6,24258.773405924076,0.11334892522207325
7,5,49,42,0.36872318132847726,0.8857005793099427,1.6,18045.77406644179,0.10487231813284772
8,5,65,61,0.22677476499908855,0.6955222222613234,0.8,14249.441744041336,0.02667747649990886
9,5,63,85,0.24324345442056794,0.757250102514143,2.0,44659.4583824551,0.1243243454420568
10,5,48,66,0.6366743859562248,0.6386497182764445,1.0,18143.384715806675,0.08366743859562249
11,5,93,82,0.6735235143117493,0.938838609593259,1.6,34032.53144766896,0.13535235143117494
12,5,93,80,0.898139944751376,0.7468091523644825,1.6,32339.94261215472,0.1578139944751376
13,5,77,80,0.7821161145014637,0.86717235621771,1.0,21642.921325196487,0.09821161145014638
14,5,88,86,0.7738874519195722,0.526231039987236,2.0,42446.740748095006,0.17738874519195724
15,5,52,74,0.7041093338872194,0.5043836586589061,0.8,16438.4618230163,0.07441093338872194
16,5,65,57,0.563835031566663,0.7056121567586765,0.8,12853.953676816805,0.06038350315666631
17,5,31,42,0.3937732410846266,0.7949148180338724,1.6,17995.27314597339,0.10737732410846267
18,5,51,52,0.28279662645570725,0.51085894750632,1.6,22556.859620366555,0.09627966264557072
19,5,54,46,0.20336893249544738,0.837150811640558,1.6,20129.521397050055,0.08833689324954475
20,5,67,62,0.3934115988701714,0.8689062976824732,1.3,22164.810753931924,0.08334115988701715
21,5,50,68,0.6089235720633661,0.7116267149091904,0.8,15260.956730392587,0.06489235720633663
22,5,80,80,0.4702225100231053,0.5467214480774025,1.0,22391.465975944546,0.06702225100231053
23,5,92,78,0.6021164989744566,0.8211888396529078,1.6,32639.755827839632,0.12821164989744566
0,6,64,84,0.8306467234891608,0.7672962946672066,0.8,18404.776205445854,0.08706467234891609
1,6,70,71,0.6952155583710058,0.7485535214556043,1.6,29393.265377071613,0.13752155583710057
2,6,47,60,0.7537194158985757,0.7692588398080306,2.0,29686.610102765124,0.17537194158985758
3,6,84,80,0.7614964527211174,0.761624733928958,0.8,17661.126810775455,0.08014964527211176
4,6,40,41,0.4223747259888371,0.7826188081605002,0.8,9385.023269626985,0.046237472598883715
5,6,38,47,0.5552476609439363,0.4576500402764382,1.6,19773.28127691048,0.12352476609439364
6,6,39,44,0.4775624306657873,0.5633299703929852,1.6,18675.22814643386,0.11575624306657874
7,6,40,51,0.4110965298863663,0.6231512436472483,0.8,11687.857847419087,0.04510965298863664
8,6,48,52,0.500210654983381,0.6861751966409612,1.6,22014.194205161482,0.1180210654983381
9,6,51,61,0.27341933814292496,0.5293901813525389,2.0,31939.285222396895,0.1273419338142925
10,6,54,72,0.5655428394343895,0.4835681344876761,2.0,36436.85493364344,0.15655428394343895
11,6,79,74,0.5825692836173326,0.7781479849213361,2.0,37373.392380739046,0.15825692836173327
12,6,96,92,0.7395058790664487,0.6576120159884721,1.3,31647.932905909583,0.11795058790664487
13,6,72,74,0.6094764661686579,0.5429608399066935,1.3,25831.21091863725,0.1049476466168658
14,6,49,60,0.7222815531283509,0.5485016125868603,0.8,13302.314563495174,0.0762281553128351
15,6,53,68,0.594980676265773,0.7280098749536908,0.8,15283.71153633426,0.06349806762657731
16,6,66,62,0.598967276412767,0.9557738179825672,1.0,17113.920865872253,0.07989672764127671
17,6,60,51,0.5675779283134661,0.7317487029224933,1.6,21425.92923148864,0.12475779283134661
18,6,27,34,0.33060834711550907,0.9396332738962679,1.0,9658.779485942181,0.0530608347115509
19,6,44,63,0.37998165374869314,0.8747413562796446,2.0,32583.66934882994,0.1379981653748693
20,6,38,48,0.444279539517461,0.8462117949506556,1.6,20449.659940951773,0.11242795395174611
21,6,40,54,0.44244192184663883,0.6786202805142192,1.3,19201.577312590976,0.0882441921846639
22,6,74,87,0.5332425645220376,0.5121662128516316,0.8,19683.069525277984,0.057324256452203765
23,6,86,78,0.7377139887799051,0.9693226956301226,1.6,32132.07882600804,0.1417713988779905
0,0,98,100,0.7764250094794901,0.608938462667712,1.0,27070.72497156153,0.09764250094794902
1,0,72,70,0.8732806909809011,0.9118749278496,1.3,23714.74371362214,0.1313280690980901
2,0,92,79,0.687068947601566,0.8484852413742575,1.3,27337.50057243958,0.1127068947601566
3,0,60,73,0.6878953287723477,0.9583355706972989,1.6,30246.894767981692,0.13678953287723478
4,0,55,52,0.41505626983094146,0.7465427521556901,1.0,14640.51221906373,0.061505626983094155
5,0,59,63,0.5467778054463741,0.3595457693866905,1.6,26530.223916330167,0.12267778054463742
6,0,48,63,0.2590858370299255,0.6707006680123263,1.0,18032.32776801344,0.045908583702992556
7,0,44,60,0.15556642450164254,0.5477311833970068,0.8,14118.384348717635,0.01955664245016426
8,0,48,54,0.48505637944407753,0.907900101728276,1.3,19111.831264890774,0.09250563794440776
9,0,49,49,0.4812183532136295,0.9449043522607607,1.0,13698.609020775964,0.06812183532136296
10,0,73,93,0.5717234457550251,0.44905159925679256,0.8,20954.633269074788,0.06117234457550252
11,0,48,65,0.8098525282215863,0.8231738309124261,1.0,17530.787569967906,0.10098525282215863
12,0,89,85,0.7342455539199935,0.6504881972951979,2.0,42155.34767500804,0.17342455539199936
13,0,61,82,0.711602685150351,0.7270069335842698,1.6,33882.651831248215,0.1391602685150351
14,0,72,81,0.670375629967616,0.9332896862286637,1.0,22184.987219178693,0.0870375629967616
15,0,43,62,0.5785837093038102,0.6170944683530966,1.6,26014.454881111862,0.12585837093038102
16,0,51,52,0.42998117901622807,0.5804286848300916,1.6,22189.486977175497,0.11099811790162281
17,0,31,39,0.5469937825421759,0.8218899268007795,1.0,10826.017274425654,0.07469937825421759
18,0,35,48,0.4392877337292458,0.9964269496856597,2.0,24654.85132685977,0.1439287733729246
19,0,38,45,0.5163054981111446,0.7772130804333126,1.0,12532.987577549955,0.07163054981111446
20,0,49,45,0.3358261178451565,0.3285427801086101,1.3,16188.425163181751,0.07758261178451566
21,0,58,75,0.4227032780421132,0.44074319307435983,1.0,21098.917624405243,0.06227032780421132
22,0,50,67,0.4548186877620904,0.691413838613872,0.8,15284.331550078557,0.04948186877620905
23,0,73,73,0.6011617572078864,0.9073935290408207,2.0,36786.91150342946,0.16011617572078865
0,1,48,59,0.702397124516487,0.913289689051654,1.0,16102.757089605817,0.0902397124516487
1,1,73,86,0.6596399715563602,0.700026445526853,1.3,29851.807535399967,0.10996399715563604
2,1,76,77,0.95,0.7761113982942807,1.6,30935.520000000004,0.163
3,1,42,44,0.45186128963340316,0.44739859398911186,0.8,10040.594478147126,0.04918612896334032
4,1,81,71,0.47936065005840983,0.4940749943718297,1.6,30128.898904600937,0.115936065005841
5,1,40,35,0.3310934009373247,0.4867552180256943,2.0,18204.70385803162,0.1331093400937325
6,1,30,31,0.2682672537368446,0.8044734061189631,1.3,11233.704890232153,0.07082672537368447
7,1,35,48,0.27831083837718296,0.6699174769341003,1.0,13711.232392736858,0.047831083837718294
8,1,87,86,0.3517906412659758,0.5932141142849029,1.6,37020.76823285405,0.10317906412659758
9,1,78,71,0.4511550951906712,0.8311336466945003,2.0,36418.07929448774,0.14511550951906713
10,1,56,62,0.593501653125716,0.7278982441747597,1.6,25970.05908029787,0.1273501653125716
11,1,76,77,0.5174069558808888,0.6827585956665806,2.0,39189.579863830295,0.1517406955880889
12,1,69,76,0.6829038436421431,0.7470532004610239,1.0,20786.979236495914,0.08829038436421431
13,1,79,90,0.7925854241879222,0.6110093300738609,0.8,19801.61548375409,0.08325854241879223
14,1,72,90,0.8632232134771302,0.9191673529966812,1.3,30525.68652069527,0.13032232134771302
15,1,75,84,0.8337877732503028,0.7676343286853811,1.6,34216.407698254785,0.1513787773250303
16,1,71,69,0.4587872847532603,0.23884979102286674,1.6,29348.336512897207,0.11387872847532604
17,1,48,48,0.48065783130831513,0.7404540191129296,1.3,16996.528539790834,0.09206578313083152
18,1,58,64,0.39244878957953644,0.6137775782653931,1.0,18062.49832400729,0.05924487895795365
19,1,71,69,0.19238955833529964,0.6288882332308252,1.3,25208.23969851971,0.06323895583352997
20,1,66,61,0.3605232070302533,0.8611734437178479,2.0,31620.485062269272,0.13605232070302534
21,1,58,69,0.34059096685896073,0.42101823277353123,1.0,19580.976698601953,0.05405909668589608
22,1,67,70,0.4857495713923303,0.4750744316635704,1.6,29683.08144012177,0.11657495713923305
23,1,56,68,0.6757554584499315,0.7900029717568751,1.0,18613.45886476214,0.08757554584499315
0,2,99,85,0.8273579679708983,0.8820713254050414,1.3,28948.70833617647,0.12673579679708985
1,2,74,78,0.8316688587012091,0.6618902207345546,0.8,17088.235896511338,0.08716688587012092
2,2,85,84,0.6925208875597526,0.9013542434214131,1.3,29049.86157235425,0.11325208875597526
3,2,53,54,0.6302583734429026,0.6733901795173575,2.0,27117.962870044994,0.16302583734429027
4,2,48,56,0.3634961447510002,0.8728572850909969,1.0,15853.32647681832,0.05634961447510002
5,2,55,76,0.3779989298824823,0.9353058400809688,2.0,39316.32487973588,0.13779989298824824
6,2,44,46,0.22996311960749743,0.7882816955333165,2.0,24205.301789883306,0.12299631196074975
7,2,31,37,0.27333999909939555,0.6754899335335919,1.3,13400.650381299572,0.07133399990993956
8,2,50,59,0.3594246768945756,0.8438456751301312,1.0,16709.8183218966,0.055942467689457556
9,2,64,62,0.33828360997633605,0.6622708586013809,1.6,26729.587976710423,0.10182836099763362
10,2,75,66,0.43406370156980223,0.8248589598148359,1.6,28150.646193426866,0.11140637015698024
11,2,61,83,0.5669187172664447,0.7907016877174046,1.6,34872.27583041048,0.12469187172664448
12,2,67,73,0.6979794060562676,0.6380483067619466,2.0,36362.85020147355,0.16979794060562675
13,2,87,83,0.7477804113818414,0.6985743375605982,1.0,22540.02677565922,0.09477804113818414
14,2,73,77,0.7167464216235468,0.941572642466229,2.0,38268.63153209921,0.17167464216235467
15,2,63,55,0.5932964003493345,0.9441431785666391,0.8,12364.04875153888,0.06332964003493347
16,2,58,50,0.6290793310689134,0.9356573629517948,2.0,25112.76200679326,0.16290793310689133
17,2,45,58,0.3909505314293657,0.28088575038486074,1.0,16371.746075312902,0.059095053142936574
18,2,51,45,0.16118442151555012,0.9318540057846155,2.0,23864.802061908016,0.11611844215155502
19,2,47,44,0.371453396649947,0.6737579450074664,1.0,12445.68151642207,0.0571453396649947
20,2,44,49,0.34208051650380217,0.7404049220071498,1.6,21116.066625183055,0.10220805165038022
21,2,50,63,0.21768912574397992,0.8319699653390107,1.6,27525.388083750207,0.089768912574398
22,2,56,75,0.4718011415314729,0.853860157524452,1.0,20988.44743155419,0.0671801141531473
23,2,93,81,0.5283832360205982,0.8559464391812424,2.0,41172.057472939894,0.15283832360205984
0,3,99,85,0.95,0.9026187800842468,2.0,41055.0,0.195
1,3,76,75,0.7950293687345382,0.45529075497575916,1.3,25637.53909645148,0.12350293687345384
2,3,69,64,0.8936702676784174,0.9492150551283182,1.0,17100.15308605744,0.10936702676784175
3,3,72,67,0.8637890342238023,0.7586853490277263,1.0,17961.784041210158,0.10637890342238024
4,3,34,49,0.6167982450754192,0.7228438297491453,2.0,24646.613159478267,0.16167982450754192
5,3,49,57,0.5118351429873966,0.8553149123348643,1.0,15882.76190549155,0.07118351429873966
6,3,45,45,0.39476867163971663,0.6199699883059406,1.6,19278.499669258214,0.10747686716397167
7,3,41,47,0.37640008454577123,0.7534176118450393,1.3,16833.538645027602,0.08164000845457714
8,3,44,62,0.2211012758218523,0.6356867760639445,1.6,27078.32260315417,0.09011012758218523
9,3,63,61,0.35411443290884864,0.5732623229414302,0.8,14063.016470221448,0.03941144329088487
10,3,52,73,0.5899993633264734,0.39909456571702634,1.3,25537.591812609528,0.10299993633264734
11,3,48,61,0.7566903894526017,0.8496783890785071,2.0,30170.51317460348,0.17566903894526018
12,3,61,74,0.7096227712172944,0.4772615913357565,0.8,16428.669958318085,0.07496227712172945
13,3,61,85,0.7076028533211267,0.6583258868500802,1.6,35138.5803584498,0.13876028533211268
14,3,93,81,0.7685106553529851,0.6789730559901783,1.6,33248.19057198759,0.14485106553529853
15,3,58,53,0.5686608642203966,0.6627215667138785,1.6,22263.40676142331,0.12486608642203967
16,3,46,42,0.42002752068336513,0.8757835820879603,1.3,14971.274921120648,0.08600275206833652
17,3,63,53,0.3039784003347664,0.7230534934972396,2.0,27653.348686935442,0.13039784003347665
18,3,37,47,0.39147690236576477,0.5161092225100227,1.6,20142.748108262836,0.10714769023657648
19,3,48,56,0.19613031612281223,0.7328504350675118,1.6,24524.961710261883,0.08761303161228123
20,3,38,41,0.1966539163435335,0.8004755672511308,1.3,14971.990387766691,0.06366539163435336
21,3,71,65,0.43249188826901835,0.571990775063178,2.0,33413.28163575083,0.14324918882690185
22,3,74,69,0.5303353939038065,0.8309760407509108,1.3,24298.82745500486,0.09703353939038065
23,3,107,107,0.6494311765915795,0.5434697621527635,1.3,37183.803700083336,0.10894311765915796
0,4,67,73,0.6183743096568743,0.4860041870503804,1.6,30490.496418962313,0.12983743096568745
1,4,55,76,0.9364068028386372,0.5070396918253348,1.3,25560.330236386286,0.13764068028386373
2,4,61,79,0.6306278745928338,0.9384398473903698,1.0,21731.411937214983,0.08306278745928339
3,4,33,42,0.5787584146239892,0.8178652189740517,0.8,9456.291518059019,0.06187584146239893
4,4,44,39,0.744346844176,0.7728088782992976,2.0,19318.228384628157,0.17443468441760002
5,4,41,44,0.46635803677950166,0.7489008657081375,2.0,22528.814782902115,0.14663580367795018
6,4,48,46,0.28902599900534287,0.7392249634186032,1.0,13125.144121372628,0.04890259990053429
7,4,66,56,0.37344044786359687,0.354415751823659,1.0,15836.620047589158,0.05734404478635968
8,4,66,71,0.28160212499634796,0.6302648206760446,1.3,25691.883715885113,0.07216021249963481
9,4,64,57,0.4755778043661846,0.7487734209240231,0.8,12974.689563627058,0.05155778043661846
10,4,83,88,0.5191384522407346,0.48845886128446475,1.0,24501.47448608446,0.07191384522407347
11,4,61,77,0.618281952605073,0.7511356641799463,1.6,32161.54990317165,0.12982819526050732
12,4,79,75,0.6974973828786053,0.5168983543370977,2.0,37361.261777046275,0.16974973828786055
13,4,54,66,0.7396102884686241,0.8129872462514953,2.0,32711.143257664247,0.17396102884686243
14,4,66,69,0.95,0.9545896346044862,1.3,23169.510000000002,0.139
15,4,57,60,0.8378595271441943,0.5872533683401777,1.3,20409.808706482585,0.12778595271441945
16,4,65,59,0.4705844124080549,0.8347802972504466,1.0,16513.065590037742,0.0670584412408055
17,4,42,42,0.3619040260544984,0.8645504031834242,2.0,21768.001854342663,0.13619040260544985
18,4,37,47,0.361886638288742,0.5289329353110741,0.8,10826.6718720103,0.040188663828874205
19,4,36,45,0.2121203167417918,0.7717672161408642,1.6,19673.02011583773,0.08921203167417918
20,4,41,57,0.23801551832223988,0.7535634799588394,1.3,20722.77150276966,0.067801551832224
21,4,64,66,0.48436175706446605,0.6986957570358785,1.0,18444.96372101236,0.06843617570644661
22,4,75,64,0.4677231758631159,0.7357654500049849,1.0,17917.971502342818,0.0667723175863116
23,4,105,88,0.44742513568403125,0.8165818728706185,2.0,45157.59528358832,0.14474251356840312
0,5,84,93,0.7758574018320129,0.7582967131749175,1.3,31860.08520355529,0.12158574018320131
1,5,76,65,0.7201432501184166,0.9208383191923319,0.8,14414.17652981527,0.07601432501184167
2,5,52,64,0.7524124214453682,0.5020229943400555,2.0,31670.736301649784,0.17524124214453685
3,5,51,63,0.5793666192849543,0.7593067292027906,1.3,22065.416216416874,0.10193666192849543
4,5,40,57,0.6572606566179864,0.590895444937474,1.3,19790.789560338213,0.10972606566179866
5,5,47,58,0.548330666549381,0.6595974910193573,2.0,29411.80928040815,0.15483306665493812
6,5,30,37,0.16589116560961037,0.6608308300846775,2.0,19611.721612346664,0.11658911656096105
7,5,57,58,0.22481682297532382,0.8635619462279511,1.6,25320.9899648367,0.0904816822975324
8,5,61,68,0.3761868248232767,0.6674766937955874,1.3,24355.47254056867,0.08161868248232768
9,5,66,64,0.5009294098959207,0.6765002337338243,1.6,27092.184852799735,0.11809294098959208
10,5,70,75,0.45202644251710766,0.8918737522148323,1.6,31924.704806938415,0.11320264425171078
11,5,83,82,0.5302554401564106,0.7805364772259326,0.8,18557.737293772185,0.05702554401564106
12,5,62,79,0.6562097588602773,0.6206059158140812,2.0,39549.565743002284,0.16562097588602775
13,5,55,77,0.778201926069863,0.8121306674963664,1.3,26371.739616012197,0.12182019260698632
14,5,70,72,0.9017643956383897,0.9544421164105172,2.0,34984.377810842154,0.19017643956383898
15,5,48,54,0.7206900032920963,0.8393255041369025,1.0,14708.482194666803,0.09206900032920964
16,5,49,70,0.532055774514877,0.9279687060227906,2.0,35565.36574703752,0.15320557745148772
17,5,49,49,0.5416931286580196,0.9110484687189335,1.0,13609.71110087271,0.07416931286580196
18,5,50,48,0.3483632802075188,0.9335431705219098,2.0,24916.713753002346,0.13483632802075188
19,5,42,57,0.19572880972966447,0.7056355274750639,2.0,30110.607470724546,0.11957288097296645
20,5,47,56,0.35341905628185544,0.9542588562000673,1.3,20107.17278108043,0.07934190562818555
21,5,60,64,0.4360569956465942,0.49358397581914226,1.6,27291.472909373664,0.11160569956465943
22,5,88,83,0.409391042127524,0.6642544587976577,2.0,42781.23261020493,0.1409391042127524
23,5,92,86,0.6431262361003511,0.3772154061431089,1.3,29907.194604119424,0.10831262361003513
0,6,76,74,0.95,0.714240993614859,2.0,35741.99999999999,0.195
1,6,88,76,0.95,0.5948949721757886,1.6,30533.76,0.163
2,6,79,87,0.7882360775274979,0.8148780028197531,0.8,19150.643070122587,0.0828236077527498
3,6,70,70,0.6937912206368338,0.8867558808531012,1.6,28984.06149866024,0.1373791220636834
4,6,54,61,0.3393890589091161,0.6574096207742907,1.6,26295.228835514106,0.10193890589091162
5,6,33,36,0.5125917706099516,0.5720968086668266,1.0,10030.400887741253,0.07125917706099517
6,6,40,50,0.21678808814248535,0.8883815908222431,1.0,14374.817867786272,0.04167880881424854
7,6,38,38,0.25845943917900494,0.6692779151030167,1.3,13784.883111136718,0.0698459439179005
8,6,58,56,0.39614403692665606,0.9083670284370896,1.0,15798.478017963218,0.059614403692665616
9,6,36,50,0.5665787516255264,0.5502369242923765,1.0,13850.131872561711,0.07665787516255264
10,6,49,69,0.624854678505905,0.6946882672786803,0.8,15459.000652394223,0.06648546785059051
11,6,46,65,0.7917409690107892,0.7190825118499641,2.0,32012.210220857924,0.17917409690107894
12,6,94,88,0.7513202914672017,0.6777317043112459,1.0,23888.51443052659,0.09513202914672018
13,6,62,74,0.8150391238862119,0.8335410132868838,1.3,25237.957088464394,0.1255039123886212
14,6,57,62,0.804963788762445,0.5993587617854077,2.0,30485.534705803708,0.1804963788762445
15,6,89,82,0.6500426071997059,0.7277713660220376,1.6,34124.95229806196,0.1330042607199706
16,6,71,79,0.72066748624998,0.6615328432517917,1.3,27233.98347486381,0.116066748624998
17,6,64,66,0.3992488334011125,0.6353185877226035,0.8,15144.229847892639,0.043924883340111257
18,6,35,39,0.2990666541013151,0.7376316532899726,2.0,20360.184029402924,0.12990666541013152
19,6,64,65,0.2751242474364014,0.7030686420360239,1.0,18573.50771749902,0.04751242474364015
20,6,43,53,0.38466645031889907,0.6874181201151142,1.0,14970.38034399295,0.058466645031889905
21,6,64,75,0.4018462283685074,0.319934348227265,1.3,26787.599782022116,0.08418462283685074
22,6,72,82,0.4902268942805316,0.6297472269351938,1.6,34753.98694411183,0.11702268942805316
23,6,79,69,0.7138112715754451,0.7454715669181462,1.3,23805.093868190477,0.1153811271575445
0,0,51,62,0.7084339063461427,0.7850329408928607,1.0,16910.312934196176,0.09084339063461427
1,0,86,78,0.7980591462536207,0.7033630453154174,1.0,21064.54159776653,0.09980591462536208
2,0,72,70,0.8655542019803721,0.8047921802145632,0.8,15278.668940672975,0.09055542019803722
3,0,68,71,0.6036508632609885,0.8713399035169175,1.0,19588.223661254095,0.08036508632609886
4,0,52,65,0.5709103905223162,0.8344418223356193,2.0,32873.44947696297,0.15709103905223162
5,0,58,57,0.39918443698713024,0.5378015633588452,2.0,29414.789225504013,0.13991844369871304
6,0,51,46,0.26983157143092096,0.5274849502843605,0.8,10697.945945140265,0.0309831571430921
7,0,66,57,0.2739968794078125,0.9667053636899201,1.3,20642.784937076434,0.07139968794078125
8,0,53,53,0.2564869971889045,0.8537509817138087,1.6,23057.577079151426,0.09364869971889045
9,0,70,75,0.49913357017506127,0.2921803836519075,0.8,17029.55957368489,0.05391335701750613
10,0,49,64,0.5838598227606332,0.2908079210122592,0.8,14401.75131223967,0.062385982276063325
11,0,81,73,0.6908777686774414,0.8006278664847949,1.3,25250.390992575325,0.11308777686774416
12,0,109,94,0.8547958961405144,0.49197323423765976,0.8,20541.340458307004,0.08947958961405145
13,0,50,66,0.95,0.9012059760078222,2.0,31877.999999999996,0.195
14,0,59,55,0.9370735741586242,0.8840908145047319,0.8,11910.262882110615,0.09770735741586244
15,0,62,61,0.88049169434592,0.874021348442008,1.6,24710.880318955144,0.15604916943459202
16,0,57,54,0.6168544093880919,0.8898382389858018,2.0,27161.39171358258,0.1616854409388092
17,0,54,59,0.4688689104294585,0.9251194369250441,1.0,16516.102028539855,0.06688689104294586
18,0,70,65,0.4009149785675687,0.7294901387834944,2.0,33536.43158358648,0.14009149785675687
19,0,50,48,0.3327571714985345,0.7044513446214911,1.0,13632.82967304211,0.05327571714985345
20,0,71,74,0.20715133253412657,0.9645767153605943,2.0,39040.24808354848,0.12071513325341267
21,0,46,57,0.4566464161129965,0.8614061697628498,0.8,13000.58770275742,0.04966464161129966
22,0,68,60,0.5645327013520821,0.6830042585003774,1.3,21049.39347883613,0.10045327013520822
23,0,84,86,0.6168677087249298,0.4889273380520329,2.0,43256.962622979365,0.161686770872493
0,1,97,99,0.8424333482241081,0.7718164859741257,1.0,26603.9729557744,0.10424333482241081
1,1,58,72,0.771502101352501,0.6600184373820905,1.3,24678.102099402182,0.1211502101352501
2,1,80,76,0.9219016106221888,0.6458550034247545,1.6,30636.262924450253,0.1601901610622189
3,1,47,60,0.7488299178875613,0.862126690341983,1.6,24684.969836483826,0.14288299178875613
4,1,71,67,0.5918415496583762,0.5283794177873683,0.8,15063.998788149333,0.06318415496583762
5,1,41,51,0.37322687695000156,0.8432901172191453,1.0,14422.962878266497,0.05732268769500015
6,1,55,56,0.4380887291744269,0.7492068504725727,0.8,12797.44874798957,0.0478088729174427
7,1,31,43,0.15733098953390098,0.47580660140368614,1.0,12439.043023501268,0.0357330989533901
8,1,63,57,0.38805859849893803,0.7901795541767783,1.6,24437.79167450691,0.10680585984989381
9,1,46,55,0.5231454685667556,0.8552626732833124,1.6,23223.695962983766,0.12031454685667556
10,1,80,72,0.6069042488189211,0.7226017178859326,1.3,25140.292869316476,0.10469042488189212
11,1,69,88,0.64177784960851,0.7021781160410436,1.3,30607.3384201436,0.10817778496085101
12,1,62,82,0.8707445700583898,0.6063035044273948,1.3,27788.238864953273,0.131074457005839
13,1,94,83,0.7480002858641731,0.45399033162909097,1.0,22539.47928819821,0.09480002858641731
14,1,69,67,0.6913092947624636,0.5539866786537839,1.3,23173.88881278568,0.11313092947624637
15,1,60,57,0.6178271471920527,0.8267819776813542,1.0,15701.51557830159,0.08178271471920527
16,1,71,61,0.4386535493878287,0.8776931204957537,2.0,31334.528009240545,0.14386535493878289
17,1,56,48,0.36885672353300164,0.8859053261220099,1.6,20623.434108979967,0.10488567235330018
18,1,43,47,0.2086662455926584,0.5833722929493179,1.6,20555.168949942963,0.08886662455926585
19,1,27,33,0.3686887136294774,0.6020793072335499,1.0,9336.998173506818,0.05686887136294774
20,1,48,66,0.42528650534998264,0.620974666993846,1.3,23512.752535229145,0.08652865053499828
21,1,58,78,0.5034353604636561,0.6961045983536063,1.3,27550.069633469557,0.09434353604636561
22,1,62,64,0.7806367046820823,0.7543654419588935,2.0,31562.3550540208,0.17806367046820826
23,1,87,74,0.6456411398112353,0.8815488209088391,1.0,20322.676669619057,0.08456411398112354
0,2,79,73,0.630101971372671,0.6220240862655498,0.8,16345.98134615508,0.06701019713726711
1,2,45,63,0.6720053664022623,0.8810279462028925,1.3,21837.80281474964,0.11120053664022622
2,2,68,65,0.629182851088906,0.840253029570116,1.6,27115.349504602615,0.13091828510889061
3,2,82,76,0.6574574211685813,0.7451726331462074,0.8,16967.83766378851,0.06974574211685813
4,2,52,46,0.6702617757044065,0.8107293452619155,1.3,15948.190374386295,0.11102617757044064
5,2,43,54,0.3834997510538111,0.42193671727237564,2.0,27917.460806585652,0.1383499751053811
6,2,46,61,0.36134572675274046,0.7045053990657769,0.8,14052.429856033988,0.04013457267527405
7,2,57,58,0.32057072200374886,0.5689385243413059,1.3,20899.589026827525,0.07605707220037489
8,2,61,52,0.3591172765329878,0.8154752615218536,1.6,22366.363277773664,0.10391172765329879
9,2,64,59,0.3287457040522215,0.5510146816784012,1.0,16764.12010382757,0.05287457040522214
10,2,38,43,0.6179118779229346,0.6974574041268267,2.0,21625.787354958826,0.16179118779229346
11,2,55,64,0.6500022405906397,0.6826134340371477,1.6,26634.233116905554,0.13300022405906398
12,2,79,77,0.7502592663160667,0.6322106469354533,1.6,31673.761751695816,0.14302592663160668
13,2,58,63,0.906394923357734,0.4598075319825746,1.3,21261.90767331005,0.1346394923357734
14,2,61,64,0.7303628503312131,0.7542691374336502,0.8,14176.722661891257,0.07703628503312131
15,2,57,58,0.6068721332997982,0.36769420917306656,2.0,29208.084976116705,0.16068721332997982
16,2,63,66,0.682558797459279,0.7481692991456189,0.8,14695.466864824502,0.07225587974592791
17,2,54,65,0.5512260013672587,0.8633867674500656,1.3,22837.242086534,0.09912260013672589
18,2,52,58,0.2704958888286877,0.8535550995226232,1.3,21012.85829946951,0.07104958888286877
19,2,46,49,0.27375067848030943,0.9469516186600193,1.6,21276.778404214314,0.09537506784803094
20,2,52,45,0.38665773956306837,0.7894737459417158,1.0,12708.01205158986,0.058665773956306844
21,2,87,84,0.47262101800339434,0.24746758044064807,1.3,29770.25354502088,0.09126210180033945
22,2,70,77,0.614820427394027,0.38132836872621256,0.8,17269.891850175838,0.0654820427394027
23,2,69,82,0.7073840388232985,0.8307898474476477,0.8,18209.148211595748,0.07473840388232986
0,3,91,89,0.9086438431480424,0.7005297377545524,0.8,19333.69675103578,0.09486438431480425
1,3,41,55,0.7752497833546318,0.3144534687053614,1.3,18843.289214704317,0.12152497833546319
2,3,47,58,0.7082249044810703,0.8012148791111962,1.0,15819.688666202936,0.09082249044810704
3,3,51,53,0.7609825519280121,0.5033879736461676,1.6,21774.14038789514,0.14409825519280123
4,3,38,53,0.6083451987773862,0.7253828540058846,0.8,11895.304907155165,0.06483451987773864
5,3,44,38,0.29288144909694486,0.7140416311642284,0.8,8816.412118423586,0.03328814490969449
6,3,37,45,0.3487290242060825,0.726091943011749,2.0,23358.431634643577,0.13487290242060826
7,3,46,50,0.4293705887333995,0.5543003862527047,1.3,17804.727351969872,0.08693705887333997
8,3,35,39,0.38572428782141593,0.6752096833931509,0.8,8961.522066599155,0.0425724287821416
9,3,42,55,0.4786738256141306,0.6042985237251554,0.8,12515.350550189347,0.051867382561413065
10,3,84,86,0.4521716260034659,0.7537093135301097,1.0,24117.397204911056,0.06521716260034659
11,3,64,64,0.6676029888952305,0.9575648705342701,1.0,17534.202261321156,0.08676029888952305
12,3,113,104,0.8374506126497133,0.7876184260321532,1.0,27963.154088532894,0.10374506126497134
13,3,63,78,0.95,0.6362544313532845,1.6,31337.28,0.163
14,3,54,71,0.8720548679648087,0.6579423752652992,1.0,19016.523131234957,0.10720548679648088
15,3,66,68,0.7871016597615073,0.3939253819500517,1.6,27851.38018253844,0.14671016597615072
16,3,47,49,0.5523220775495595,0.8457158761667759,2.0,24836.173092004297,0.15523220775495597
17,3,25,32,0.5300693622188288,0.49981419929459525,1.0,8899.133412269925,0.07300693622188288
18,3,49,55,0.44810630015770064,0.5985145578675654,1.0,15430.624604739794,0.06481063001577007
19,3,70,63,0.4376405345196622,0.8999754324530822,1.6,26860.25502361254,0.11176405345196623
20,3,49,52,0.3141366067069485,0.931690320369707,1.6,22478.63502965946,0.09941366067069485
21,3,80,84,0.38729657906053516,0.8436759933781087,1.0,23720.012620767448,0.058729657906053515
22,3,89,81,0.4396757207886762,0.37718399979704703,1.0,22745.58799848352,0.06396757207886762
23,3,56,80,0.6448492055097774,0.7701381564590153,2.0,40104.72381355307,0.16448492055097774
0,4,67,77,0.7799183110856474,0.571642356469145,2.0,37976.777402784304,0.17799183110856476
1,4,78,67,0.7781504309539066,0.7070665425273537,1.6,27470.588214052237,0.14581504309539067
2,4,83,75,0.8331110310222486,0.8410676522749307,0.8,16428.400144159954,0.08731110310222487
3,4,48,60,0.6459247198627415,0.36671878120086715,0.8,13412.268403397653,0.06859247198627415
4,4,63,63,0.6150317064077093,0.7855523444715921,1.3,21977.787097356257,0.10550317064077094
5,4,31,32,0.5266543891230406,0.8288003473645892,1.6,13506.57885830701,0.12066543891230408
6,4,50,58,0.5030457000055709,0.2593156427710919,0.8,13164.080385592246,0.0543045700005571
7,4,48,49,0.322007997991628,0.8516436926975344,1.0,13932.648242952306,0.0522007997991628
8,4,53,62,0.21462858003127538,0.7703101427121377,0.8,14501.112672913463,0.025462858003127545
9,4,63,76,0.3849463386795927,0.6926334373014446,2.0,39284.64469562106,0.1384946338679593
10,4,70,60,0.7452270578735681,0.7458996177264796,1.3,20626.56868457585,0.11852270578735682
11,4,57,74,0.9108450642882536,0.39573689135378204,1.0,19733.923957280076,0.11108450642882538
12,4,72,79,0.854215632202752,0.8887410835220186,0.8,17264.56716134358,0.08942156322027521
13,4,67,66,0.7332059333368278,0.8886586112662295,1.6,27202.96360318893,0.1413205933336828
14,4,85,83,0.730855844163506,0.5847145120815482,1.0,22582.16894803287,0.0930855844163506
15,4,57,52,0.6551235223678868,0.7872126142830134,1.6,21627.531688169754,0.1335123522367887
16,4,55,57,0.5537567317297617,0.22241273527009936,1.6,23984.441581987372,0.12337567317297618
17,4,67,69,0.22565427903901658,0.9192185274164584,1.3,25118.724335106006,0.06656542790390166
18,4,43,43,0.32916940382958115,0.897092203517669,1.0,12217.371469059839,0.05291694038295812
19,4,34,46,0.27595751654287437,0.6785145998585269,1.3,16655.57221532208,0.07159575165428744
20,4,70,65,0.5016093034200231,0.9701607281723262,1.6,27513.378973329527,0.11816093034200231
21,4,78,70,0.43579013910585207,0.5699744812227748,0.8,16000.672566302172,0.047579013910585215
22,4,51,70,0.5185102694997226,0.621943861766727,2.0,35622.25686810117,0.15185102694997227
23,4,82,71,0.5922649941514866,0.7017075903424056,0.8,15962.620449965867,0.06322649941514866
0,5,91,81,0.7519032375373931,0.622050124552653,2.0,40085.75026556827,0.17519032375373933
1,5,61,75,0.9065445850731327,0.8780058162001557,1.0,20010.27468358545,0.11065445850731329
2,5,48,63,0.95,0.7291131010411231,1.6,25310.88,0.163
3,5,61,63,0.6505027958228556,0.677903641109127,1.3,21890.63463066324,0.10905027958228558
4,5,59,62,0.6285910989908343,0.6463605616556493,2.0,31141.641111754096,0.16285910989908342
5,5,46,48,0.4876606185654148,0.8188894575840711,0.8,10912.134967412641,0.05276606185654149
6,5,64,54,0.3644591211933245,0.33056056676061946,1.3,19365.80909076686,0.08044591211933246
7,5,42,38,0.19682504280842128,0.7444194079885624,1.6,16640.67112191744,0.08768250428084214
8,5,55,59,0.35891975984793056,0.6217363408264251,1.3,21171.685632589913,0.07989197598479306
9,5,72,78,0.5148405293510366,0.5939491847691254,0.8,17681.338529054858,0.05548405293510367
10,5,69,78,0.5028221014279934,0.5591839191726542,2.0,39766.79256531699,0.15028221014279936
11,5,73,76,0.7451587122950017,0.9030807655252747,0.8,16807.870508773918,0.07851587122950018
12,5,90,101,0.7348310689269141,0.756450874284395,2.0,50086.923722302905,0.17348310689269142
13,5,80,78,0.9261300457330792,0.645387836287174,1.3,26264.23240087997,0.13661300457330794
14,5,67,73,0.8984412468246221,0.6363322500914419,2.0,35484.82733890815,0.18984412468246223
15,5,56,66,0.5899840925968413,0.6875902634826335,1.0,18235.831496658255,0.07899840925968413
16,5,51,71,0.5608988863273547,0.7908090128213902,1.0,19679.285372122737,0.07608988863273548
17,5,64,54,0.3058091999434769,0.66453961450528,1.0,15380.589096091568,0.05058091999434769
18,5,74,64,0.21304307909019093,0.7868537965145611,2.0,33741.91457629367,0.1213043079090191
19,5,38,43,0.30598389090826067,0.6450811065349557,2.0,22430.561561456685,0.13059838909082608
20,5,50,55,0.503592376893494,0.6617287020875081,1.0,15339.072578125735,0.0703592376893494
21,5,41,57,0.3035895549338627,0.9976955535222243,2.0,29741.72372212619,0.13035895549338627
22,5,59,67,0.4876768677310186,0.6339810950478919,0.8,15231.495596688525,0.05276768677310187
23,5,80,83,0.6430751526982934,0.8760747023734426,1.0,22800.74286978125,0.08430751526982935
0,6,85,75,0.7933861616414023,0.35000105343285104,1.3,25642.345477198898,0.12333861616414024
1,6,79,85,0.7808817241028305,0.7255517434596152,1.6,34839.602565660454,0.14608817241028305
2,6,70,66,0.6397528772737677,0.35276906359197086,1.6,27499.0228847967,0.13197528772737677
3,6,52,59,0.6059648320864286,0.5825046037804719,2.0,29714.884494414044,0.16059648320864287
4,6,68,71,0.4845468149662644,0.8246991390650543,0.8,16146.172227297486,0.052454681496626444
5,6,52,47,0.4109160590359676,0.8581235750647738,1.0,13238.608356759285,0.06109160590359676
6,6,47,54,0.33234692355204265,0.48143306114546486,1.0,15337.59798384569,0.05323469235520427
7,6,33,41,0.3247135122567793,0.5573955604763141,1.0,11654.602379924161,0.052471351225677934
8,6,63,68,0.3524698602936712,0.4398824171472041,1.6,29270.018376001462,0.10324698602936713
9,6,47,64,0.3669015620823647,0.5897233674815943,1.0,18111.54900080186,0.056690156208236475
10,6,68,67,0.4990542119708288,0.8057727129160199,2.0,34173.80206787727,0.1499054211970829
11,6,52,66,0.82672810749619,0.8334079883572568,2.0,32366.15669431509,0.182672810749619
12,6,75,79,0.8510171209410735,0.7681098945874788,1.3,26832.376250380556,0.12910171209410737
13,6,67,72,0.7702743168345243,0.7175961198055899,1.6,29547.851961019885,0.14502743168345245
14,6,63,77,0.6024799851702435,0.9189887132265525,1.6,32219.953974810778,0.12824799851702434
15,6,69,67,0.6891852732825596,0.7606974758370857,2.0,33409.47520140411,0.16891852732825596
